"CountryCode","Period","ProductCode","TradeValue","Quantity","QuantityUnit","ProductDescription"
"ABW",2013,"UNCTAD-SoP1",105164.572,NA,"N.Q.","Raw materials"
"ABW",2013,"UNCTAD-SoP2",102744.753,NA,"N.Q.","Intermediate goods"
"ABW",2013,"UNCTAD-SoP3",889456.287,NA,"N.Q.","Consumer goods"
"ABW",2013,"UNCTAD-SoP4",175187.184,NA,"N.Q.","Capital goods"
"ABW",2014,"UNCTAD-SoP1",110240.468,NA,"N.Q.","Raw materials"
"ABW",2014,"UNCTAD-SoP2",103466.742,NA,"N.Q.","Intermediate goods"
"ABW",2014,"UNCTAD-SoP3",844383.488,NA,"N.Q.","Consumer goods"
"ABW",2014,"UNCTAD-SoP4",192095.003,NA,"N.Q.","Capital goods"
"AFG",2013,"UNCTAD-SoP1",1452547.655,2857876610,"Kg","Raw materials"
"AFG",2013,"UNCTAD-SoP2",939663.068,NA,"N.Q.","Intermediate goods"
"AFG",2013,"UNCTAD-SoP3",304402.651,3001245,"Item","Consumer goods"
"AFG",2014,"UNCTAD-SoP1",1488624.239,937930498,"Kg","Raw materials"
"AFG",2014,"UNCTAD-SoP2",1023630.434,NA,"N.Q.","Intermediate goods"
"AFG",2014,"UNCTAD-SoP3",349178.605,3000578,"Item","Consumer goods"
"ALB",2013,"UNCTAD-SoP1",411062.695,NA,"N.Q.","Raw materials"
"ALB",2013,"UNCTAD-SoP2",1250342.856,NA,"N.Q.","Intermediate goods"
"ALB",2013,"UNCTAD-SoP3",2547358.864,NA,"N.Q.","Consumer goods"
"ALB",2013,"UNCTAD-SoP4",630061.662,NA,"N.Q.","Capital goods"
"ALB",2014,"UNCTAD-SoP1",244067.612,NA,"N.Q.","Raw materials"
"ALB",2014,"UNCTAD-SoP2",661268.579,NA,"N.Q.","Intermediate goods"
"ALB",2014,"UNCTAD-SoP3",1744244.992,NA,"N.Q.","Consumer goods"
"ALB",2014,"UNCTAD-SoP4",315530.978,NA,"N.Q.","Capital goods"
"AND",2013,"UNCTAD-SoP1",68467.668,NA,"N.Q.","Raw materials"
"AND",2013,"UNCTAD-SoP2",116219.64,NA,"N.Q.","Intermediate goods"
"AND",2013,"UNCTAD-SoP3",1095421.97,NA,"N.Q.","Consumer goods"
"AND",2013,"UNCTAD-SoP4",195465.247,NA,"N.Q.","Capital goods"
"AND",2014,"UNCTAD-SoP1",71059.645,NA,"N.Q.","Raw materials"
"AND",2014,"UNCTAD-SoP2",134873.494,NA,"N.Q.","Intermediate goods"
"AND",2014,"UNCTAD-SoP3",1146239.641,NA,"N.Q.","Consumer goods"
"AND",2014,"UNCTAD-SoP4",192941.794,NA,"N.Q.","Capital goods"
"ARG",2013,"UNCTAD-SoP1",2413032.71,NA,"N.Q.","Raw materials"
"ARG",2013,"UNCTAD-SoP2",15643872.295,NA,"N.Q.","Intermediate goods"
"ARG",2013,"UNCTAD-SoP3",27466505.43,NA,"N.Q.","Consumer goods"
"ARG",2013,"UNCTAD-SoP4",27023087.811,2827175034,"Item","Capital goods"
"ARG",2014,"UNCTAD-SoP1",2545497.658,NA,"N.Q.","Raw materials"
"ARG",2014,"UNCTAD-SoP2",15026995.88,NA,"N.Q.","Intermediate goods"
"ARG",2014,"UNCTAD-SoP3",22850111.958,20849197,"Area  SM","Consumer goods"
"ARG",2014,"UNCTAD-SoP4",23737155.062,NA,"N.Q.","Capital goods"
"ARM",2013,"UNCTAD-SoP1",444975.572,NA,"N.Q.","Raw materials"
"ARM",2013,"UNCTAD-SoP2",958503.791,NA,"N.Q.","Intermediate goods"
"ARM",2013,"UNCTAD-SoP3",2125049.499,NA,"N.Q.","Consumer goods"
"ARM",2013,"UNCTAD-SoP4",668620.283,NA,"N.Q.","Capital goods"
"ARM",2014,"UNCTAD-SoP1",435907.445,NA,"N.Q.","Raw materials"
"ARM",2014,"UNCTAD-SoP2",1007080.714,NA,"N.Q.","Intermediate goods"
"ARM",2014,"UNCTAD-SoP3",1986506.509,NA,"N.Q.","Consumer goods"
"ARM",2014,"UNCTAD-SoP4",652707.013,NA,"N.Q.","Capital goods"
"ATG",2013,"UNCTAD-SoP1",41392.591,NA,"N.Q.","Raw materials"
"ATG",2013,"UNCTAD-SoP2",47387.065,NA,"N.Q.","Intermediate goods"
"ATG",2013,"UNCTAD-SoP3",209917.839,NA,"N.Q.","Consumer goods"
"ATG",2013,"UNCTAD-SoP4",40594.47,NA,"N.Q.","Capital goods"
"ATG",2014,"UNCTAD-SoP1",43444.519,NA,"N.Q.","Raw materials"
"ATG",2014,"UNCTAD-SoP2",52824.351,NA,"N.Q.","Intermediate goods"
"ATG",2014,"UNCTAD-SoP3",388662.994,NA,"N.Q.","Consumer goods"
"ATG",2014,"UNCTAD-SoP4",63046.9,NA,"N.Q.","Capital goods"
"AUS",2013,"UNCTAD-SoP1",23107463.317,NA,"N.Q.","Raw materials"
"AUS",2013,"UNCTAD-SoP2",32941969.433,NA,"N.Q.","Intermediate goods"
"AUS",2013,"UNCTAD-SoP3",98828727.721,NA,"N.Q.","Consumer goods"
"AUS",2013,"UNCTAD-SoP4",69336299.008,NA,"N.Q.","Capital goods"
"AUS",2014,"UNCTAD-SoP1",22367619.523,NA,"N.Q.","Raw materials"
"AUS",2014,"UNCTAD-SoP2",32613762.918,NA,"N.Q.","Intermediate goods"
"AUS",2014,"UNCTAD-SoP3",94665232.068,NA,"N.Q.","Consumer goods"
"AUS",2014,"UNCTAD-SoP4",68102364.647,NA,"N.Q.","Capital goods"
"AUT",2013,"UNCTAD-SoP1",17527504.014,NA,"N.Q.","Raw materials"
"AUT",2013,"UNCTAD-SoP2",38735197.744,NA,"N.Q.","Intermediate goods"
"AUT",2013,"UNCTAD-SoP3",67757651.784,NA,"N.Q.","Consumer goods"
"AUT",2013,"UNCTAD-SoP4",47207504.309,NA,"N.Q.","Capital goods"
"AUT",2014,"UNCTAD-SoP1",16839898.27,NA,"N.Q.","Raw materials"
"AUT",2014,"UNCTAD-SoP2",38450930.232,NA,"N.Q.","Intermediate goods"
"AUT",2014,"UNCTAD-SoP3",68481273.802,NA,"N.Q.","Consumer goods"
"AUT",2014,"UNCTAD-SoP4",46872645.653,NA,"N.Q.","Capital goods"
"AZE",2013,"UNCTAD-SoP1",635706.792,NA,"N.Q.","Raw materials"
"AZE",2013,"UNCTAD-SoP2",3353641.342,NA,"N.Q.","Intermediate goods"
"AZE",2013,"UNCTAD-SoP3",2764200.957,NA,"N.Q.","Consumer goods"
"AZE",2013,"UNCTAD-SoP4",3879495.419,NA,"N.Q.","Capital goods"
"AZE",2014,"UNCTAD-SoP1",534533.347,NA,"N.Q.","Raw materials"
"AZE",2014,"UNCTAD-SoP2",2537260.008,NA,"N.Q.","Intermediate goods"
"AZE",2014,"UNCTAD-SoP3",2896452.688,NA,"N.Q.","Consumer goods"
"AZE",2014,"UNCTAD-SoP4",3096333.825,NA,"N.Q.","Capital goods"
"BDI",2013,"UNCTAD-SoP1",50879.283,NA,"N.Q.","Raw materials"
"BDI",2013,"UNCTAD-SoP2",166235.347,NA,"N.Q.","Intermediate goods"
"BDI",2013,"UNCTAD-SoP3",374266.194,NA,"N.Q.","Consumer goods"
"BDI",2013,"UNCTAD-SoP4",116474.681,NA,"N.Q.","Capital goods"
"BDI",2014,"UNCTAD-SoP1",43643.74,NA,"N.Q.","Raw materials"
"BDI",2014,"UNCTAD-SoP2",139253.502,NA,"N.Q.","Intermediate goods"
"BDI",2014,"UNCTAD-SoP3",346691.444,NA,"N.Q.","Consumer goods"
"BDI",2014,"UNCTAD-SoP4",140543.932,NA,"N.Q.","Capital goods"
"BEL",2013,"UNCTAD-SoP1",75296891.977,NA,"N.Q.","Raw materials"
"BEL",2013,"UNCTAD-SoP2",129975093.498,NA,"N.Q.","Intermediate goods"
"BEL",2013,"UNCTAD-SoP3",195055540.796,NA,"N.Q.","Consumer goods"
"BEL",2013,"UNCTAD-SoP4",80040563.43,NA,"N.Q.","Capital goods"
"BEL",2014,"UNCTAD-SoP1",71823012.458,NA,"N.Q.","Raw materials"
"BEL",2014,"UNCTAD-SoP2",123508843.875,NA,"N.Q.","Intermediate goods"
"BEL",2014,"UNCTAD-SoP3",172429624.267,NA,"N.Q.","Consumer goods"
"BEL",2014,"UNCTAD-SoP4",77335168.384,NA,"N.Q.","Capital goods"
"BEN",2013,"UNCTAD-SoP1",383382.565,NA,"N.Q.","Raw materials"
"BEN",2013,"UNCTAD-SoP2",604616.94,NA,"N.Q.","Intermediate goods"
"BEN",2013,"UNCTAD-SoP3",1463246.961,NA,"N.Q.","Consumer goods"
"BEN",2013,"UNCTAD-SoP4",478489.308,NA,"N.Q.","Capital goods"
"BEN",2014,"UNCTAD-SoP1",474353.146,NA,"N.Q.","Raw materials"
"BEN",2014,"UNCTAD-SoP2",565470.162,NA,"N.Q.","Intermediate goods"
"BEN",2014,"UNCTAD-SoP3",1962904.879,NA,"N.Q.","Consumer goods"
"BEN",2014,"UNCTAD-SoP4",582993.641,NA,"N.Q.","Capital goods"
"BFA",2013,"UNCTAD-SoP1",77784.039,NA,"N.Q.","Raw materials"
"BFA",2013,"UNCTAD-SoP2",891052,NA,"N.Q.","Intermediate goods"
"BFA",2013,"UNCTAD-SoP3",2333231.945,NA,"N.Q.","Consumer goods"
"BFA",2013,"UNCTAD-SoP4",1052603.064,NA,"N.Q.","Capital goods"
"BFA",2014,"UNCTAD-SoP1",75034.019,NA,"N.Q.","Raw materials"
"BFA",2014,"UNCTAD-SoP2",783064.637,NA,"N.Q.","Intermediate goods"
"BFA",2014,"UNCTAD-SoP3",2060619.353,NA,"N.Q.","Consumer goods"
"BFA",2014,"UNCTAD-SoP4",646336.253,NA,"N.Q.","Capital goods"
"BGR",2013,"UNCTAD-SoP1",8624936.792,NA,"N.Q.","Raw materials"
"BGR",2013,"UNCTAD-SoP2",7531581.333,NA,"N.Q.","Intermediate goods"
"BGR",2013,"UNCTAD-SoP3",10410186.584,NA,"N.Q.","Consumer goods"
"BGR",2013,"UNCTAD-SoP4",6277675.125,NA,"N.Q.","Capital goods"
"BGR",2014,"UNCTAD-SoP1",7441383.079,NA,"N.Q.","Raw materials"
"BGR",2014,"UNCTAD-SoP2",8328111.049,NA,"N.Q.","Intermediate goods"
"BGR",2014,"UNCTAD-SoP3",10606990.473,NA,"N.Q.","Consumer goods"
"BGR",2014,"UNCTAD-SoP4",6578915.303,NA,"N.Q.","Capital goods"
"BHR",2013,"UNCTAD-SoP1",9688937.707,NA,"N.Q.","Raw materials"
"BHR",2013,"UNCTAD-SoP2",2151443.22,NA,"N.Q.","Intermediate goods"
"BHR",2013,"UNCTAD-SoP3",4444985.428,NA,"N.Q.","Consumer goods"
"BHR",2013,"UNCTAD-SoP4",2218264.018,NA,"N.Q.","Capital goods"
"BHR",2014,"UNCTAD-SoP1",9418310.348,NA,"N.Q.","Raw materials"
"BHR",2014,"UNCTAD-SoP2",2694277.59,NA,"N.Q.","Intermediate goods"
"BHR",2014,"UNCTAD-SoP3",5274288.308,NA,"N.Q.","Consumer goods"
"BHR",2014,"UNCTAD-SoP4",2582721.942,NA,"N.Q.","Capital goods"
"BHS",2013,"UNCTAD-SoP1",253495.357,392432,"Item","Raw materials"
"BHS",2013,"UNCTAD-SoP2",382030.092,NA,"N.Q.","Intermediate goods"
"BHS",2013,"UNCTAD-SoP3",2035119.555,NA,"N.Q.","Consumer goods"
"BHS",2013,"UNCTAD-SoP4",524554.93,NA,"N.Q.","Capital goods"
"BHS",2014,"UNCTAD-SoP1",273563.196,NA,"N.Q.","Raw materials"
"BHS",2014,"UNCTAD-SoP2",439863.735,NA,"N.Q.","Intermediate goods"
"BHS",2014,"UNCTAD-SoP3",2350511.937,NA,"N.Q.","Consumer goods"
"BHS",2014,"UNCTAD-SoP4",545910.207,NA,"N.Q.","Capital goods"
"BIH",2013,"UNCTAD-SoP1",1739024.568,NA,"N.Q.","Raw materials"
"BIH",2013,"UNCTAD-SoP2",2596491.593,NA,"N.Q.","Intermediate goods"
"BIH",2013,"UNCTAD-SoP3",4365417.647,NA,"N.Q.","Consumer goods"
"BIH",2013,"UNCTAD-SoP4",1462789.163,NA,"N.Q.","Capital goods"
"BIH",2014,"UNCTAD-SoP1",1687411.945,NA,"N.Q.","Raw materials"
"BIH",2014,"UNCTAD-SoP2",2728997.344,NA,"N.Q.","Intermediate goods"
"BIH",2014,"UNCTAD-SoP3",4632532.841,NA,"N.Q.","Consumer goods"
"BIH",2014,"UNCTAD-SoP4",1793034.536,NA,"N.Q.","Capital goods"
"BLR",2013,"UNCTAD-SoP1",11020060.9,NA,"N.Q.","Raw materials"
"BLR",2013,"UNCTAD-SoP2",9447882.5,NA,"N.Q.","Intermediate goods"
"BLR",2013,"UNCTAD-SoP3",11410562,NA,"N.Q.","Consumer goods"
"BLR",2013,"UNCTAD-SoP4",9453130.5,NA,"N.Q.","Capital goods"
"BLR",2014,"UNCTAD-SoP1",10703748.6,NA,"N.Q.","Raw materials"
"BLR",2014,"UNCTAD-SoP2",8224378.7,NA,"N.Q.","Intermediate goods"
"BLR",2014,"UNCTAD-SoP3",11627236.4,NA,"N.Q.","Consumer goods"
"BLR",2014,"UNCTAD-SoP4",7714811.9,NA,"N.Q.","Capital goods"
"BLZ",2013,"UNCTAD-SoP1",26590.676,NA,"N.Q.","Raw materials"
"BLZ",2013,"UNCTAD-SoP2",127454.954,NA,"N.Q.","Intermediate goods"
"BLZ",2013,"UNCTAD-SoP3",418514.652,NA,"N.Q.","Consumer goods"
"BLZ",2013,"UNCTAD-SoP4",142251.841,NA,"N.Q.","Capital goods"
"BLZ",2014,"UNCTAD-SoP1",30183.525,NA,"N.Q.","Raw materials"
"BLZ",2014,"UNCTAD-SoP2",141082.691,NA,"N.Q.","Intermediate goods"
"BLZ",2014,"UNCTAD-SoP3",638161.585,NA,"N.Q.","Consumer goods"
"BLZ",2014,"UNCTAD-SoP4",182729.448,NA,"N.Q.","Capital goods"
"BMU",2013,"UNCTAD-SoP1",63156.679,NA,"N.Q.","Raw materials"
"BMU",2013,"UNCTAD-SoP2",53073.09,NA,"N.Q.","Intermediate goods"
"BMU",2013,"UNCTAD-SoP3",638364.293,4608490,"Area  SM","Consumer goods"
"BMU",2013,"UNCTAD-SoP4",120553.053,NA,"N.Q.","Capital goods"
"BMU",2014,"UNCTAD-SoP1",64504.485,NA,"N.Q.","Raw materials"
"BMU",2014,"UNCTAD-SoP2",44691.8,539,"Area  SM","Intermediate goods"
"BMU",2014,"UNCTAD-SoP3",615574.803,2164322,"Area  SM","Consumer goods"
"BMU",2014,"UNCTAD-SoP4",113901.404,9594955,"Item","Capital goods"
"BOL",2013,"UNCTAD-SoP1",187719.476,NA,"N.Q.","Raw materials"
"BOL",2013,"UNCTAD-SoP2",2238329.398,NA,"N.Q.","Intermediate goods"
"BOL",2013,"UNCTAD-SoP3",3692299.241,NA,"N.Q.","Consumer goods"
"BOL",2013,"UNCTAD-SoP4",3156750.838,165399219,"Item","Capital goods"
"BOL",2014,"UNCTAD-SoP1",222003.398,NA,"N.Q.","Raw materials"
"BOL",2014,"UNCTAD-SoP2",2534443.309,NA,"N.Q.","Intermediate goods"
"BOL",2014,"UNCTAD-SoP3",3889140.467,NA,"N.Q.","Consumer goods"
"BOL",2014,"UNCTAD-SoP4",3772503.338,1923459051,"Item","Capital goods"
"BRA",2013,"UNCTAD-SoP1",28170003.181,NA,"N.Q.","Raw materials"
"BRA",2013,"UNCTAD-SoP2",61591988.554,NA,"N.Q.","Intermediate goods"
"BRA",2013,"UNCTAD-SoP3",67066464.977,NA,"N.Q.","Consumer goods"
"BRA",2013,"UNCTAD-SoP4",81848462.371,NA,"N.Q.","Capital goods"
"BRA",2014,"UNCTAD-SoP1",26719053.647,NA,"N.Q.","Raw materials"
"BRA",2014,"UNCTAD-SoP2",60905172.501,NA,"N.Q.","Intermediate goods"
"BRA",2014,"UNCTAD-SoP3",65185986.623,NA,"N.Q.","Consumer goods"
"BRA",2014,"UNCTAD-SoP4",75324190.491,27329214005,"Item","Capital goods"
"BRB",2013,"UNCTAD-SoP1",118897.184,NA,"N.Q.","Raw materials"
"BRB",2013,"UNCTAD-SoP2",180268.927,NA,"N.Q.","Intermediate goods"
"BRB",2013,"UNCTAD-SoP3",1174198.8,NA,"N.Q.","Consumer goods"
"BRB",2013,"UNCTAD-SoP4",271352.726,NA,"N.Q.","Capital goods"
"BRB",2014,"UNCTAD-SoP1",118345.738,NA,"N.Q.","Raw materials"
"BRB",2014,"UNCTAD-SoP2",180019.426,NA,"N.Q.","Intermediate goods"
"BRB",2014,"UNCTAD-SoP3",1156947.816,NA,"N.Q.","Consumer goods"
"BRB",2014,"UNCTAD-SoP4",261115.056,NA,"N.Q.","Capital goods"
"BRN",2013,"UNCTAD-SoP1",173860.969,NA,"N.Q.","Raw materials"
"BRN",2013,"UNCTAD-SoP2",601039.096,NA,"N.Q.","Intermediate goods"
"BRN",2013,"UNCTAD-SoP3",1837860.349,NA,"N.Q.","Consumer goods"
"BRN",2013,"UNCTAD-SoP4",946242.154,NA,"N.Q.","Capital goods"
"BRN",2014,"UNCTAD-SoP1",170026.433,757685,"Item","Raw materials"
"BRN",2014,"UNCTAD-SoP2",497779.212,NA,"N.Q.","Intermediate goods"
"BRN",2014,"UNCTAD-SoP3",1795869.301,NA,"N.Q.","Consumer goods"
"BRN",2014,"UNCTAD-SoP4",1088688.882,NA,"N.Q.","Capital goods"
"BWA",2013,"UNCTAD-SoP1",2252405.39,NA,"N.Q.","Raw materials"
"BWA",2013,"UNCTAD-SoP2",1013931.251,NA,"N.Q.","Intermediate goods"
"BWA",2013,"UNCTAD-SoP3",2795795.129,NA,"N.Q.","Consumer goods"
"BWA",2013,"UNCTAD-SoP4",1249246.303,NA,"N.Q.","Capital goods"
"BWA",2014,"UNCTAD-SoP1",2771755.076,NA,"N.Q.","Raw materials"
"BWA",2014,"UNCTAD-SoP2",905407.938,NA,"N.Q.","Intermediate goods"
"BWA",2014,"UNCTAD-SoP3",2760657.848,NA,"N.Q.","Consumer goods"
"BWA",2014,"UNCTAD-SoP4",1270040.164,NA,"N.Q.","Capital goods"
"CAF",2013,"UNCTAD-SoP1",3768.511,6360971,"Kg","Raw materials"
"CAF",2013,"UNCTAD-SoP2",34843.037,NA,"N.Q.","Intermediate goods"
"CAF",2013,"UNCTAD-SoP3",65908.546,NA,"N.Q.","Consumer goods"
"CAF",2013,"UNCTAD-SoP4",24345.639,NA,"N.Q.","Capital goods"
"CAF",2014,"UNCTAD-SoP1",20451.211,NA,"N.Q.","Raw materials"
"CAF",2014,"UNCTAD-SoP2",33500.718,NA,"N.Q.","Intermediate goods"
"CAF",2014,"UNCTAD-SoP3",161104.151,NA,"N.Q.","Consumer goods"
"CAF",2014,"UNCTAD-SoP4",91807.716,NA,"N.Q.","Capital goods"
"CAN",2013,"UNCTAD-SoP1",48683546.591,NA,"N.Q.","Raw materials"
"CAN",2013,"UNCTAD-SoP2",81200306.584,NA,"N.Q.","Intermediate goods"
"CAN",2013,"UNCTAD-SoP3",159267098.714,NA,"N.Q.","Consumer goods"
"CAN",2013,"UNCTAD-SoP4",156915055.099,NA,"N.Q.","Capital goods"
"CAN",2014,"UNCTAD-SoP1",45025773.01,NA,"N.Q.","Raw materials"
"CAN",2014,"UNCTAD-SoP2",82588477.775,NA,"N.Q.","Intermediate goods"
"CAN",2014,"UNCTAD-SoP3",162882579.482,NA,"N.Q.","Consumer goods"
"CAN",2014,"UNCTAD-SoP4",156941449.2,NA,"N.Q.","Capital goods"
"CHE",2013,"UNCTAD-SoP1",10752989.69,NA,"N.Q.","Raw materials"
"CHE",2013,"UNCTAD-SoP2",174095351.378,NA,"N.Q.","Intermediate goods"
"CHE",2013,"UNCTAD-SoP3",89507803.348,NA,"N.Q.","Consumer goods"
"CHE",2013,"UNCTAD-SoP4",44771655.027,NA,"N.Q.","Capital goods"
"CHE",2014,"UNCTAD-SoP1",10667834.312,NA,"N.Q.","Raw materials"
"CHE",2014,"UNCTAD-SoP2",126381580.015,NA,"N.Q.","Intermediate goods"
"CHE",2014,"UNCTAD-SoP3",90572125.587,NA,"N.Q.","Consumer goods"
"CHE",2014,"UNCTAD-SoP4",45476394.465,NA,"N.Q.","Capital goods"
"CHL",2013,"UNCTAD-SoP1",11255196.675,NA,"N.Q.","Raw materials"
"CHL",2013,"UNCTAD-SoP2",11680932.319,NA,"N.Q.","Intermediate goods"
"CHL",2013,"UNCTAD-SoP3",31196853.756,NA,"N.Q.","Consumer goods"
"CHL",2013,"UNCTAD-SoP4",23804417.922,NA,"N.Q.","Capital goods"
"CHL",2014,"UNCTAD-SoP1",10388073.703,NA,"N.Q.","Raw materials"
"CHL",2014,"UNCTAD-SoP2",11341524.639,NA,"N.Q.","Intermediate goods"
"CHL",2014,"UNCTAD-SoP3",29565981.497,68097717,"Area  SM","Consumer goods"
"CHL",2014,"UNCTAD-SoP4",19842755.058,NA,"N.Q.","Capital goods"
"CHN",2013,"UNCTAD-SoP1",538529057.999,NA,"N.Q.","Raw materials"
"CHN",2013,"UNCTAD-SoP2",343502258.834,NA,"N.Q.","Intermediate goods"
"CHN",2013,"UNCTAD-SoP3",205087875.908,NA,"N.Q.","Consumer goods"
"CHN",2013,"UNCTAD-SoP4",596200347.602,595772129703,"Item","Capital goods"
"CHN",2014,"UNCTAD-SoP1",525828074.464,NA,"N.Q.","Raw materials"
"CHN",2014,"UNCTAD-SoP2",368669695.987,NA,"N.Q.","Intermediate goods"
"CHN",2014,"UNCTAD-SoP3",222617922.691,NA,"N.Q.","Consumer goods"
"CHN",2014,"UNCTAD-SoP4",609196969.332,NA,"N.Q.","Capital goods"
"CIV",2013,"UNCTAD-SoP1",3857970.162,NA,"N.Q.","Raw materials"
"CIV",2013,"UNCTAD-SoP2",1801622.706,NA,"N.Q.","Intermediate goods"
"CIV",2013,"UNCTAD-SoP3",2394499.716,NA,"N.Q.","Consumer goods"
"CIV",2013,"UNCTAD-SoP4",4365925.831,NA,"N.Q.","Capital goods"
"CIV",2014,"UNCTAD-SoP1",3551375.458,NA,"N.Q.","Raw materials"
"CIV",2014,"UNCTAD-SoP2",2105411.016,NA,"N.Q.","Intermediate goods"
"CIV",2014,"UNCTAD-SoP3",2863011.603,NA,"N.Q.","Consumer goods"
"CIV",2014,"UNCTAD-SoP4",2582659.383,NA,"N.Q.","Capital goods"
"CMR",2014,"UNCTAD-SoP1",1992557.115,NA,"N.Q.","Raw materials"
"CMR",2014,"UNCTAD-SoP2",1451990.428,NA,"N.Q.","Intermediate goods"
"CMR",2014,"UNCTAD-SoP3",2431370.528,NA,"N.Q.","Consumer goods"
"CMR",2014,"UNCTAD-SoP4",1656923.118,NA,"N.Q.","Capital goods"
"COG",2013,"UNCTAD-SoP1",247408.876,NA,"N.Q.","Raw materials"
"COG",2013,"UNCTAD-SoP2",595657.139,NA,"N.Q.","Intermediate goods"
"COG",2013,"UNCTAD-SoP3",1065553.595,NA,"N.Q.","Consumer goods"
"COG",2013,"UNCTAD-SoP4",6451852.901,NA,"N.Q.","Capital goods"
"COG",2014,"UNCTAD-SoP1",273393.417,NA,"N.Q.","Raw materials"
"COG",2014,"UNCTAD-SoP2",806854.237,NA,"N.Q.","Intermediate goods"
"COG",2014,"UNCTAD-SoP3",1069368.215,NA,"N.Q.","Consumer goods"
"COG",2014,"UNCTAD-SoP4",1171157.977,NA,"N.Q.","Capital goods"
"COL",2013,"UNCTAD-SoP1",3325434.359,NA,"N.Q.","Raw materials"
"COL",2013,"UNCTAD-SoP2",15249417.117,NA,"N.Q.","Intermediate goods"
"COL",2013,"UNCTAD-SoP3",19867594.169,NA,"N.Q.","Consumer goods"
"COL",2013,"UNCTAD-SoP4",18256101.301,1552283594,"Item","Capital goods"
"COL",2014,"UNCTAD-SoP1",3343179.696,NA,"N.Q.","Raw materials"
"COL",2014,"UNCTAD-SoP2",16442621.501,NA,"N.Q.","Intermediate goods"
"COL",2014,"UNCTAD-SoP3",21965675.498,NA,"N.Q.","Consumer goods"
"COL",2014,"UNCTAD-SoP4",19324562.543,1601353050,"Item","Capital goods"
"COM",2013,"UNCTAD-SoP1",8980.624,2838,"Item","Raw materials"
"COM",2013,"UNCTAD-SoP2",28582.924,2067,"Area  SM","Intermediate goods"
"COM",2013,"UNCTAD-SoP3",48639.353,NA,"N.Q.","Consumer goods"
"COM",2013,"UNCTAD-SoP4",28536.507,NA,"N.Q.","Capital goods"
"CPV",2013,"UNCTAD-SoP1",70744.624,NA,"N.Q.","Raw materials"
"CPV",2013,"UNCTAD-SoP2",112218.713,NA,"N.Q.","Intermediate goods"
"CPV",2013,"UNCTAD-SoP3",435445.382,NA,"N.Q.","Consumer goods"
"CPV",2013,"UNCTAD-SoP4",102918.469,NA,"N.Q.","Capital goods"
"CPV",2014,"UNCTAD-SoP1",66958.951,NA,"N.Q.","Raw materials"
"CPV",2014,"UNCTAD-SoP2",123320.408,NA,"N.Q.","Intermediate goods"
"CPV",2014,"UNCTAD-SoP3",410656.971,NA,"N.Q.","Consumer goods"
"CPV",2014,"UNCTAD-SoP4",162047.25,NA,"N.Q.","Capital goods"
"CRI",2013,"UNCTAD-SoP1",878650.107,NA,"N.Q.","Raw materials"
"CRI",2013,"UNCTAD-SoP2",3522556.844,NA,"N.Q.","Intermediate goods"
"CRI",2013,"UNCTAD-SoP3",7552507.47,NA,"N.Q.","Consumer goods"
"CRI",2013,"UNCTAD-SoP4",5964740.762,NA,"N.Q.","Capital goods"
"CYP",2013,"UNCTAD-SoP1",380304.589,NA,"N.Q.","Raw materials"
"CYP",2013,"UNCTAD-SoP2",830536.022,NA,"N.Q.","Intermediate goods"
"CYP",2013,"UNCTAD-SoP3",4441356.348,NA,"N.Q.","Consumer goods"
"CYP",2013,"UNCTAD-SoP4",712147.087,NA,"N.Q.","Capital goods"
"CYP",2014,"UNCTAD-SoP1",409371.6,NA,"N.Q.","Raw materials"
"CYP",2014,"UNCTAD-SoP2",795791.549,NA,"N.Q.","Intermediate goods"
"CYP",2014,"UNCTAD-SoP3",4736877.062,NA,"N.Q.","Consumer goods"
"CYP",2014,"UNCTAD-SoP4",825027.026,NA,"N.Q.","Capital goods"
"CZE",2013,"UNCTAD-SoP1",11854539.534,NA,"N.Q.","Raw materials"
"CZE",2013,"UNCTAD-SoP2",30320642.556,NA,"N.Q.","Intermediate goods"
"CZE",2013,"UNCTAD-SoP3",44462546.201,NA,"N.Q.","Consumer goods"
"CZE",2013,"UNCTAD-SoP4",54323551.007,NA,"N.Q.","Capital goods"
"CZE",2014,"UNCTAD-SoP1",12086621.456,NA,"N.Q.","Raw materials"
"CZE",2014,"UNCTAD-SoP2",31496497.851,NA,"N.Q.","Intermediate goods"
"CZE",2014,"UNCTAD-SoP3",46891734.186,NA,"N.Q.","Consumer goods"
"CZE",2014,"UNCTAD-SoP4",61046482.447,NA,"N.Q.","Capital goods"
"DEU",2013,"UNCTAD-SoP1",153506668.778,NA,"N.Q.","Raw materials"
"DEU",2013,"UNCTAD-SoP2",241680268.838,NA,"N.Q.","Intermediate goods"
"DEU",2013,"UNCTAD-SoP3",393468935.343,NA,"N.Q.","Consumer goods"
"DEU",2013,"UNCTAD-SoP4",332448250.143,NA,"N.Q.","Capital goods"
"DEU",2014,"UNCTAD-SoP1",145510687.334,NA,"N.Q.","Raw materials"
"DEU",2014,"UNCTAD-SoP2",250261336.286,NA,"N.Q.","Intermediate goods"
"DEU",2014,"UNCTAD-SoP3",400932099.28,NA,"N.Q.","Consumer goods"
"DEU",2014,"UNCTAD-SoP4",353641886.597,NA,"N.Q.","Capital goods"
"DNK",2013,"UNCTAD-SoP1",10499661.981,NA,"N.Q.","Raw materials"
"DNK",2013,"UNCTAD-SoP2",17473475.123,NA,"N.Q.","Intermediate goods"
"DNK",2013,"UNCTAD-SoP3",39843542.074,NA,"N.Q.","Consumer goods"
"DNK",2013,"UNCTAD-SoP4",25628925.395,NA,"N.Q.","Capital goods"
"DNK",2014,"UNCTAD-SoP1",9854873.819,NA,"N.Q.","Raw materials"
"DNK",2014,"UNCTAD-SoP2",17629205.945,NA,"N.Q.","Intermediate goods"
"DNK",2014,"UNCTAD-SoP3",41550456.659,NA,"N.Q.","Consumer goods"
"DNK",2014,"UNCTAD-SoP4",27132324.279,NA,"N.Q.","Capital goods"
"DOM",2013,"UNCTAD-SoP1",2355846.235,NA,"N.Q.","Raw materials"
"DOM",2013,"UNCTAD-SoP2",4113710.135,NA,"N.Q.","Intermediate goods"
"DOM",2013,"UNCTAD-SoP3",8452176.291,NA,"N.Q.","Consumer goods"
"DOM",2013,"UNCTAD-SoP4",2769208.835,NA,"N.Q.","Capital goods"
"DOM",2014,"UNCTAD-SoP1",2186710.248,NA,"N.Q.","Raw materials"
"DOM",2014,"UNCTAD-SoP2",4238763.606,NA,"N.Q.","Intermediate goods"
"DOM",2014,"UNCTAD-SoP3",8397836.426,NA,"N.Q.","Consumer goods"
"DOM",2014,"UNCTAD-SoP4",2780510.429,NA,"N.Q.","Capital goods"
"DZA",2013,"UNCTAD-SoP1",5011437.003,NA,"N.Q.","Raw materials"
"DZA",2013,"UNCTAD-SoP2",15567212.378,NA,"N.Q.","Intermediate goods"
"DZA",2013,"UNCTAD-SoP3",17393511.033,NA,"N.Q.","Consumer goods"
"DZA",2013,"UNCTAD-SoP4",16306111.038,423250902,"Item","Capital goods"
"DZA",2014,"UNCTAD-SoP1",5498228.395,NA,"N.Q.","Raw materials"
"DZA",2014,"UNCTAD-SoP2",17853379.075,NA,"N.Q.","Intermediate goods"
"DZA",2014,"UNCTAD-SoP3",15548730.696,NA,"N.Q.","Consumer goods"
"DZA",2014,"UNCTAD-SoP4",18960343.203,NA,"N.Q.","Capital goods"
"ECU",2013,"UNCTAD-SoP1",954629.743,NA,"N.Q.","Raw materials"
"ECU",2013,"UNCTAD-SoP2",8093964.886,NA,"N.Q.","Intermediate goods"
"ECU",2013,"UNCTAD-SoP3",10207796.952,NA,"N.Q.","Consumer goods"
"ECU",2013,"UNCTAD-SoP4",7286152.572,NA,"N.Q.","Capital goods"
"ECU",2014,"UNCTAD-SoP1",1096161.723,NA,"N.Q.","Raw materials"
"ECU",2014,"UNCTAD-SoP2",8662896.457,NA,"N.Q.","Intermediate goods"
"ECU",2014,"UNCTAD-SoP3",10080294.773,NA,"N.Q.","Consumer goods"
"ECU",2014,"UNCTAD-SoP4",7108495.529,NA,"N.Q.","Capital goods"
"EGY",2013,"UNCTAD-SoP1",10849407.949,NA,"N.Q.","Raw materials"
"EGY",2013,"UNCTAD-SoP2",20745937.039,NA,"N.Q.","Intermediate goods"
"EGY",2013,"UNCTAD-SoP3",19383290.662,NA,"N.Q.","Consumer goods"
"EGY",2013,"UNCTAD-SoP4",12330136.087,NA,"N.Q.","Capital goods"
"EGY",2014,"UNCTAD-SoP1",15024345.529,NA,"N.Q.","Raw materials"
"EGY",2014,"UNCTAD-SoP2",21562487.571,NA,"N.Q.","Intermediate goods"
"EGY",2014,"UNCTAD-SoP3",20741781.244,NA,"N.Q.","Consumer goods"
"EGY",2014,"UNCTAD-SoP4",12956965.125,825157319,"Item","Capital goods"
"ESP",2013,"UNCTAD-SoP1",75108121.132,NA,"N.Q.","Raw materials"
"ESP",2013,"UNCTAD-SoP2",64852959.533,NA,"N.Q.","Intermediate goods"
"ESP",2013,"UNCTAD-SoP3",119526974.112,NA,"N.Q.","Consumer goods"
"ESP",2013,"UNCTAD-SoP4",69698360.425,NA,"N.Q.","Capital goods"
"ESP",2014,"UNCTAD-SoP1",74673571.934,NA,"N.Q.","Raw materials"
"ESP",2014,"UNCTAD-SoP2",67447800.592,NA,"N.Q.","Intermediate goods"
"ESP",2014,"UNCTAD-SoP3",129117310.463,NA,"N.Q.","Consumer goods"
"ESP",2014,"UNCTAD-SoP4",76807059.53,NA,"N.Q.","Capital goods"
"EST",2013,"UNCTAD-SoP1",964119.655,NA,"N.Q.","Raw materials"
"EST",2013,"UNCTAD-SoP2",3703126.112,NA,"N.Q.","Intermediate goods"
"EST",2013,"UNCTAD-SoP3",8042049.586,NA,"N.Q.","Consumer goods"
"EST",2013,"UNCTAD-SoP4",5875407.913,NA,"N.Q.","Capital goods"
"EST",2014,"UNCTAD-SoP1",918221.597,NA,"N.Q.","Raw materials"
"EST",2014,"UNCTAD-SoP2",3773641.644,NA,"N.Q.","Intermediate goods"
"EST",2014,"UNCTAD-SoP3",8379206.251,NA,"N.Q.","Consumer goods"
"EST",2014,"UNCTAD-SoP4",5381932.191,NA,"N.Q.","Capital goods"
"ETH",2013,"UNCTAD-SoP1",909152.904,NA,"N.Q.","Raw materials"
"ETH",2013,"UNCTAD-SoP2",3434728.451,NA,"N.Q.","Intermediate goods"
"ETH",2013,"UNCTAD-SoP3",5863148.9,NA,"N.Q.","Consumer goods"
"ETH",2013,"UNCTAD-SoP4",4545969.203,NA,"N.Q.","Capital goods"
"ETH",2014,"UNCTAD-SoP1",788844.822,NA,"N.Q.","Raw materials"
"ETH",2014,"UNCTAD-SoP2",5093737.343,NA,"N.Q.","Intermediate goods"
"ETH",2014,"UNCTAD-SoP3",8869059.437,NA,"N.Q.","Consumer goods"
"ETH",2014,"UNCTAD-SoP4",6643182.098,NA,"N.Q.","Capital goods"
"EUN",2013,"UNCTAD-SoP1",577131443.605,NA,"N.Q.","Raw materials"
"EUN",2013,"UNCTAD-SoP2",383292247.865,NA,"N.Q.","Intermediate goods"
"EUN",2013,"UNCTAD-SoP3",655993257.971,NA,"N.Q.","Consumer goods"
"EUN",2013,"UNCTAD-SoP4",532938787.997,NA,"N.Q.","Capital goods"
"EUN",2014,"UNCTAD-SoP1",533409199.896,NA,"N.Q.","Raw materials"
"EUN",2014,"UNCTAD-SoP2",398883033.859,NA,"N.Q.","Intermediate goods"
"EUN",2014,"UNCTAD-SoP3",675941618.695,NA,"N.Q.","Consumer goods"
"EUN",2014,"UNCTAD-SoP4",553949209.053,NA,"N.Q.","Capital goods"
"FIN",2013,"UNCTAD-SoP1",16723398.211,NA,"N.Q.","Raw materials"
"FIN",2013,"UNCTAD-SoP2",13923296.531,NA,"N.Q.","Intermediate goods"
"FIN",2013,"UNCTAD-SoP3",26291430.174,NA,"N.Q.","Consumer goods"
"FIN",2013,"UNCTAD-SoP4",17364823.066,NA,"N.Q.","Capital goods"
"FIN",2014,"UNCTAD-SoP1",16098639.28,NA,"N.Q.","Raw materials"
"FIN",2014,"UNCTAD-SoP2",13281535.199,NA,"N.Q.","Intermediate goods"
"FIN",2014,"UNCTAD-SoP3",24087705.262,NA,"N.Q.","Consumer goods"
"FIN",2014,"UNCTAD-SoP4",17700945.301,NA,"N.Q.","Capital goods"
"FJI",2013,"UNCTAD-SoP1",258347.077,NA,"N.Q.","Raw materials"
"FJI",2013,"UNCTAD-SoP2",388287.789,NA,"N.Q.","Intermediate goods"
"FJI",2013,"UNCTAD-SoP3",1233722.441,NA,"N.Q.","Consumer goods"
"FJI",2013,"UNCTAD-SoP4",902157.577,NA,"N.Q.","Capital goods"
"FJI",2014,"UNCTAD-SoP1",347278.63,424731,"Item","Raw materials"
"FJI",2014,"UNCTAD-SoP2",445933.892,NA,"N.Q.","Intermediate goods"
"FJI",2014,"UNCTAD-SoP3",1500991.419,NA,"N.Q.","Consumer goods"
"FJI",2014,"UNCTAD-SoP4",901128.081,NA,"N.Q.","Capital goods"
"FRA",2013,"UNCTAD-SoP1",80398807.979,NA,"N.Q.","Raw materials"
"FRA",2013,"UNCTAD-SoP2",141929816.081,NA,"N.Q.","Intermediate goods"
"FRA",2013,"UNCTAD-SoP3",265167056.55,NA,"N.Q.","Consumer goods"
"FRA",2013,"UNCTAD-SoP4",170221438.083,NA,"N.Q.","Capital goods"
"FRA",2014,"UNCTAD-SoP1",72399986.662,NA,"N.Q.","Raw materials"
"FRA",2014,"UNCTAD-SoP2",141640431.99,NA,"N.Q.","Intermediate goods"
"FRA",2014,"UNCTAD-SoP3",264433348.613,NA,"N.Q.","Consumer goods"
"FRA",2014,"UNCTAD-SoP4",167948742.919,NA,"N.Q.","Capital goods"
"GBR",2013,"UNCTAD-SoP1",82500008.572,NA,"N.Q.","Raw materials"
"GBR",2013,"UNCTAD-SoP2",116059105.964,NA,"N.Q.","Intermediate goods"
"GBR",2013,"UNCTAD-SoP3",257413385.252,NA,"N.Q.","Consumer goods"
"GBR",2013,"UNCTAD-SoP4",163256158.305,NA,"N.Q.","Capital goods"
"GBR",2014,"UNCTAD-SoP1",73307458.63,NA,"N.Q.","Raw materials"
"GBR",2014,"UNCTAD-SoP2",126674405.172,NA,"N.Q.","Intermediate goods"
"GBR",2014,"UNCTAD-SoP3",281812684.146,NA,"N.Q.","Consumer goods"
"GBR",2014,"UNCTAD-SoP4",186622864.69,NA,"N.Q.","Capital goods"
"GEO",2013,"UNCTAD-SoP1",694120.042,NA,"N.Q.","Raw materials"
"GEO",2013,"UNCTAD-SoP2",1133443.99,NA,"N.Q.","Intermediate goods"
"GEO",2013,"UNCTAD-SoP3",4433778.533,NA,"N.Q.","Consumer goods"
"GEO",2013,"UNCTAD-SoP4",1427978.307,NA,"N.Q.","Capital goods"
"GEO",2014,"UNCTAD-SoP1",806694.357,NA,"N.Q.","Raw materials"
"GEO",2014,"UNCTAD-SoP2",1265738.276,NA,"N.Q.","Intermediate goods"
"GEO",2014,"UNCTAD-SoP3",4770374.044,NA,"N.Q.","Consumer goods"
"GEO",2014,"UNCTAD-SoP4",1587632.802,NA,"N.Q.","Capital goods"
"GHA",2013,"UNCTAD-SoP1",1029127.706,NA,"N.Q.","Raw materials"
"GHA",2013,"UNCTAD-SoP2",3038695.09,NA,"N.Q.","Intermediate goods"
"GHA",2013,"UNCTAD-SoP3",4543058.531,NA,"N.Q.","Consumer goods"
"GHA",2013,"UNCTAD-SoP4",3940842.829,NA,"N.Q.","Capital goods"
"GIN",2013,"UNCTAD-SoP1",107583.102,NA,"N.Q.","Raw materials"
"GIN",2013,"UNCTAD-SoP2",398269.472,NA,"N.Q.","Intermediate goods"
"GIN",2013,"UNCTAD-SoP3",1435589.845,NA,"N.Q.","Consumer goods"
"GIN",2013,"UNCTAD-SoP4",437111.541,NA,"N.Q.","Capital goods"
"GIN",2014,"UNCTAD-SoP1",163004.041,NA,"N.Q.","Raw materials"
"GIN",2014,"UNCTAD-SoP2",369925.833,NA,"N.Q.","Intermediate goods"
"GIN",2014,"UNCTAD-SoP3",1535539.571,NA,"N.Q.","Consumer goods"
"GIN",2014,"UNCTAD-SoP4",407606.497,NA,"N.Q.","Capital goods"
"GMB",2013,"UNCTAD-SoP1",17912.363,NA,"N.Q.","Raw materials"
"GMB",2013,"UNCTAD-SoP2",59657.156,NA,"N.Q.","Intermediate goods"
"GMB",2013,"UNCTAD-SoP3",235481.319,NA,"N.Q.","Consumer goods"
"GMB",2013,"UNCTAD-SoP4",34412.608,NA,"N.Q.","Capital goods"
"GMB",2014,"UNCTAD-SoP1",38674.532,NA,"N.Q.","Raw materials"
"GMB",2014,"UNCTAD-SoP2",48145.503,NA,"N.Q.","Intermediate goods"
"GMB",2014,"UNCTAD-SoP3",262794.218,NA,"N.Q.","Consumer goods"
"GMB",2014,"UNCTAD-SoP4",33223.168,NA,"N.Q.","Capital goods"
"GRC",2013,"UNCTAD-SoP1",20528919.866,NA,"N.Q.","Raw materials"
"GRC",2013,"UNCTAD-SoP2",10071084.941,NA,"N.Q.","Intermediate goods"
"GRC",2013,"UNCTAD-SoP3",21955744.839,NA,"N.Q.","Consumer goods"
"GRC",2013,"UNCTAD-SoP4",8075989.532,NA,"N.Q.","Capital goods"
"GRC",2014,"UNCTAD-SoP1",19309140.839,NA,"N.Q.","Raw materials"
"GRC",2014,"UNCTAD-SoP2",10578575.291,NA,"N.Q.","Intermediate goods"
"GRC",2014,"UNCTAD-SoP3",22213312.097,NA,"N.Q.","Consumer goods"
"GRC",2014,"UNCTAD-SoP4",9460334.458,NA,"N.Q.","Capital goods"
"GRL",2013,"UNCTAD-SoP1",46490.499,NA,"N.Q.","Raw materials"
"GRL",2013,"UNCTAD-SoP2",70889.651,NA,"N.Q.","Intermediate goods"
"GRL",2013,"UNCTAD-SoP3",551008.116,NA,"N.Q.","Consumer goods"
"GRL",2013,"UNCTAD-SoP4",123153.319,NA,"N.Q.","Capital goods"
"GRL",2014,"UNCTAD-SoP1",47426.315,NA,"N.Q.","Raw materials"
"GRL",2014,"UNCTAD-SoP2",61245.293,NA,"N.Q.","Intermediate goods"
"GRL",2014,"UNCTAD-SoP3",496395.983,NA,"N.Q.","Consumer goods"
"GRL",2014,"UNCTAD-SoP4",132402.405,NA,"N.Q.","Capital goods"
"GTM",2013,"UNCTAD-SoP1",1015063.687,NA,"N.Q.","Raw materials"
"GTM",2013,"UNCTAD-SoP2",4938298.608,NA,"N.Q.","Intermediate goods"
"GTM",2013,"UNCTAD-SoP3",7953712.796,NA,"N.Q.","Consumer goods"
"GTM",2013,"UNCTAD-SoP4",3359644.983,NA,"N.Q.","Capital goods"
"GTM",2014,"UNCTAD-SoP1",1164873.365,NA,"N.Q.","Raw materials"
"GTM",2014,"UNCTAD-SoP2",4986309.457,NA,"N.Q.","Intermediate goods"
"GTM",2014,"UNCTAD-SoP3",8404401.171,NA,"N.Q.","Consumer goods"
"GTM",2014,"UNCTAD-SoP4",3462442.393,NA,"N.Q.","Capital goods"
"GUY",2013,"UNCTAD-SoP1",72967.448,NA,"N.Q.","Raw materials"
"GUY",2013,"UNCTAD-SoP2",298619.646,NA,"N.Q.","Intermediate goods"
"GUY",2013,"UNCTAD-SoP3",1074941.781,NA,"N.Q.","Consumer goods"
"GUY",2013,"UNCTAD-SoP4",410001.483,NA,"N.Q.","Capital goods"
"GUY",2014,"UNCTAD-SoP1",82493.067,NA,"N.Q.","Raw materials"
"GUY",2014,"UNCTAD-SoP2",250231.839,NA,"N.Q.","Intermediate goods"
"GUY",2014,"UNCTAD-SoP3",1057656.909,NA,"N.Q.","Consumer goods"
"GUY",2014,"UNCTAD-SoP4",383356.784,NA,"N.Q.","Capital goods"
"HKG",2013,"UNCTAD-SoP1",21299943.665,NA,"N.Q.","Raw materials"
"HKG",2013,"UNCTAD-SoP2",169879984.279,NA,"N.Q.","Intermediate goods"
"HKG",2013,"UNCTAD-SoP3",119448818.089,NA,"N.Q.","Consumer goods"
"HKG",2013,"UNCTAD-SoP4",307547215.038,NA,"N.Q.","Capital goods"
"HKG",2014,"UNCTAD-SoP1",22548903.109,NA,"N.Q.","Raw materials"
"HKG",2014,"UNCTAD-SoP2",127308023.784,NA,"N.Q.","Intermediate goods"
"HKG",2014,"UNCTAD-SoP3",119223045.788,NA,"N.Q.","Consumer goods"
"HKG",2014,"UNCTAD-SoP4",328491433.444,NA,"N.Q.","Capital goods"
"HND",2014,"UNCTAD-SoP1",449908.822,NA,"N.Q.","Raw materials"
"HND",2014,"UNCTAD-SoP2",1534141.956,NA,"N.Q.","Intermediate goods"
"HND",2014,"UNCTAD-SoP3",4528832.139,NA,"N.Q.","Consumer goods"
"HND",2014,"UNCTAD-SoP4",1391431.747,NA,"N.Q.","Capital goods"
"HRV",2013,"UNCTAD-SoP1",3276708.845,NA,"N.Q.","Raw materials"
"HRV",2013,"UNCTAD-SoP2",5385166.342,NA,"N.Q.","Intermediate goods"
"HRV",2013,"UNCTAD-SoP3",8893259.306,NA,"N.Q.","Consumer goods"
"HRV",2013,"UNCTAD-SoP4",4136527.273,NA,"N.Q.","Capital goods"
"HRV",2014,"UNCTAD-SoP1",2796502.765,NA,"N.Q.","Raw materials"
"HRV",2014,"UNCTAD-SoP2",5758877.033,NA,"N.Q.","Intermediate goods"
"HRV",2014,"UNCTAD-SoP3",9922523.457,NA,"N.Q.","Consumer goods"
"HRV",2014,"UNCTAD-SoP4",4122774.737,NA,"N.Q.","Capital goods"
"HUN",2013,"UNCTAD-SoP1",7208708.433,NA,"N.Q.","Raw materials"
"HUN",2013,"UNCTAD-SoP2",18607731.703,NA,"N.Q.","Intermediate goods"
"HUN",2013,"UNCTAD-SoP3",27640603.979,NA,"N.Q.","Consumer goods"
"HUN",2013,"UNCTAD-SoP4",38612705.275,NA,"N.Q.","Capital goods"
"HUN",2014,"UNCTAD-SoP1",7060859.416,NA,"N.Q.","Raw materials"
"HUN",2014,"UNCTAD-SoP2",19368931.671,NA,"N.Q.","Intermediate goods"
"HUN",2014,"UNCTAD-SoP3",29961336.724,NA,"N.Q.","Consumer goods"
"HUN",2014,"UNCTAD-SoP4",40644917.081,NA,"N.Q.","Capital goods"
"IDN",2013,"UNCTAD-SoP1",26202456.183,NA,"N.Q.","Raw materials"
"IDN",2013,"UNCTAD-SoP2",54899347.59,NA,"N.Q.","Intermediate goods"
"IDN",2013,"UNCTAD-SoP3",50653326.494,NA,"N.Q.","Consumer goods"
"IDN",2013,"UNCTAD-SoP4",52256146.694,NA,"N.Q.","Capital goods"
"IDN",2014,"UNCTAD-SoP1",26554364.826,NA,"N.Q.","Raw materials"
"IDN",2014,"UNCTAD-SoP2",52660140.931,NA,"N.Q.","Intermediate goods"
"IDN",2014,"UNCTAD-SoP3",48389925.512,NA,"N.Q.","Consumer goods"
"IDN",2014,"UNCTAD-SoP4",48426798.5,NA,"N.Q.","Capital goods"
"IND",2013,"UNCTAD-SoP1",203338963.519,NA,"N.Q.","Raw materials"
"IND",2013,"UNCTAD-SoP2",133240414.914,NA,"N.Q.","Intermediate goods"
"IND",2013,"UNCTAD-SoP3",42033779.545,NA,"N.Q.","Consumer goods"
"IND",2013,"UNCTAD-SoP4",73938967.328,NA,"N.Q.","Capital goods"
"IND",2014,"UNCTAD-SoP1",195219927.762,NA,"N.Q.","Raw materials"
"IND",2014,"UNCTAD-SoP2",132294758.592,NA,"N.Q.","Intermediate goods"
"IND",2014,"UNCTAD-SoP3",46103016.129,NA,"N.Q.","Consumer goods"
"IND",2014,"UNCTAD-SoP4",73273431.271,NA,"N.Q.","Capital goods"
"IRL",2013,"UNCTAD-SoP1",6264118.035,NA,"N.Q.","Raw materials"
"IRL",2013,"UNCTAD-SoP2",12907295.293,NA,"N.Q.","Intermediate goods"
"IRL",2013,"UNCTAD-SoP3",28048870.498,NA,"N.Q.","Consumer goods"
"IRL",2013,"UNCTAD-SoP4",15340989.801,NA,"N.Q.","Capital goods"
"IRL",2014,"UNCTAD-SoP1",5818678.822,NA,"N.Q.","Raw materials"
"IRL",2014,"UNCTAD-SoP2",14007632.559,NA,"N.Q.","Intermediate goods"
"IRL",2014,"UNCTAD-SoP3",29686564.324,NA,"N.Q.","Consumer goods"
"IRL",2014,"UNCTAD-SoP4",17932310.111,NA,"N.Q.","Capital goods"
"ISL",2013,"UNCTAD-SoP1",258372.955,NA,"N.Q.","Raw materials"
"ISL",2013,"UNCTAD-SoP2",1104802.797,NA,"N.Q.","Intermediate goods"
"ISL",2013,"UNCTAD-SoP3",2373237.536,NA,"N.Q.","Consumer goods"
"ISL",2013,"UNCTAD-SoP4",1249703.502,NA,"N.Q.","Capital goods"
"ISL",2014,"UNCTAD-SoP1",287620.809,NA,"N.Q.","Raw materials"
"ISL",2014,"UNCTAD-SoP2",1097258.142,NA,"N.Q.","Intermediate goods"
"ISL",2014,"UNCTAD-SoP3",2495565.827,NA,"N.Q.","Consumer goods"
"ISL",2014,"UNCTAD-SoP4",1462332.623,NA,"N.Q.","Capital goods"
"ISR",2013,"UNCTAD-SoP1",17900231,NA,"N.Q.","Raw materials"
"ISR",2013,"UNCTAD-SoP2",15807346,NA,"N.Q.","Intermediate goods"
"ISR",2013,"UNCTAD-SoP3",20672660,NA,"N.Q.","Consumer goods"
"ISR",2013,"UNCTAD-SoP4",16614952,NA,"N.Q.","Capital goods"
"ISR",2014,"UNCTAD-SoP1",17189778,NA,"N.Q.","Raw materials"
"ISR",2014,"UNCTAD-SoP2",16466990,NA,"N.Q.","Intermediate goods"
"ISR",2014,"UNCTAD-SoP3",21120731,NA,"N.Q.","Consumer goods"
"ISR",2014,"UNCTAD-SoP4",16505122,NA,"N.Q.","Capital goods"
"ITA",2013,"UNCTAD-SoP1",86155774.355,NA,"N.Q.","Raw materials"
"ITA",2013,"UNCTAD-SoP2",127555079.882,NA,"N.Q.","Intermediate goods"
"ITA",2013,"UNCTAD-SoP3",164779084.699,NA,"N.Q.","Consumer goods"
"ITA",2013,"UNCTAD-SoP4",85879990.057,NA,"N.Q.","Capital goods"
"ITA",2014,"UNCTAD-SoP1",78141456.259,NA,"N.Q.","Raw materials"
"ITA",2014,"UNCTAD-SoP2",128923598.296,NA,"N.Q.","Intermediate goods"
"ITA",2014,"UNCTAD-SoP3",163151682.954,NA,"N.Q.","Consumer goods"
"ITA",2014,"UNCTAD-SoP4",87980414.752,NA,"N.Q.","Capital goods"
"JAM",2013,"UNCTAD-SoP1",1321898.75,NA,"N.Q.","Raw materials"
"JAM",2013,"UNCTAD-SoP2",994472.478,NA,"N.Q.","Intermediate goods"
"JAM",2013,"UNCTAD-SoP3",3089017.053,NA,"N.Q.","Consumer goods"
"JAM",2013,"UNCTAD-SoP4",660286.233,NA,"N.Q.","Capital goods"
"JAM",2014,"UNCTAD-SoP1",950792.776,NA,"N.Q.","Raw materials"
"JAM",2014,"UNCTAD-SoP2",818006.518,NA,"N.Q.","Intermediate goods"
"JAM",2014,"UNCTAD-SoP3",3093972.87,NA,"N.Q.","Consumer goods"
"JAM",2014,"UNCTAD-SoP4",763936.77,NA,"N.Q.","Capital goods"
"JOR",2013,"UNCTAD-SoP1",4275895.563,NA,"N.Q.","Raw materials"
"JOR",2013,"UNCTAD-SoP2",5320700.231,NA,"N.Q.","Intermediate goods"
"JOR",2013,"UNCTAD-SoP3",8379661.646,NA,"N.Q.","Consumer goods"
"JOR",2013,"UNCTAD-SoP4",3111109.359,NA,"N.Q.","Capital goods"
"JOR",2014,"UNCTAD-SoP1",4412261.715,NA,"N.Q.","Raw materials"
"JOR",2014,"UNCTAD-SoP2",5326259.533,NA,"N.Q.","Intermediate goods"
"JOR",2014,"UNCTAD-SoP3",9440490.478,NA,"N.Q.","Consumer goods"
"JOR",2014,"UNCTAD-SoP4",3033663.613,NA,"N.Q.","Capital goods"
"JPN",2013,"UNCTAD-SoP1",254198823.143,NA,"N.Q.","Raw materials"
"JPN",2013,"UNCTAD-SoP2",105432602.341,NA,"N.Q.","Intermediate goods"
"JPN",2013,"UNCTAD-SoP3",283961274.118,NA,"N.Q.","Consumer goods"
"JPN",2013,"UNCTAD-SoP4",174034411.223,NA,"N.Q.","Capital goods"
"JPN",2014,"UNCTAD-SoP1",231537340.534,NA,"N.Q.","Raw materials"
"JPN",2014,"UNCTAD-SoP2",106859220.065,NA,"N.Q.","Intermediate goods"
"JPN",2014,"UNCTAD-SoP3",278230222.572,NA,"N.Q.","Consumer goods"
"JPN",2014,"UNCTAD-SoP4",179886454.813,NA,"N.Q.","Capital goods"
"KAZ",2013,"UNCTAD-SoP1",4934593.595,NA,"N.Q.","Raw materials"
"KAZ",2013,"UNCTAD-SoP2",10092422.67,NA,"N.Q.","Intermediate goods"
"KAZ",2013,"UNCTAD-SoP3",17154871.191,NA,"N.Q.","Consumer goods"
"KAZ",2013,"UNCTAD-SoP4",16038045.35,NA,"N.Q.","Capital goods"
"KAZ",2014,"UNCTAD-SoP1",2310305.784,NA,"N.Q.","Raw materials"
"KAZ",2014,"UNCTAD-SoP2",7558301.564,NA,"N.Q.","Intermediate goods"
"KAZ",2014,"UNCTAD-SoP3",16195953.636,NA,"N.Q.","Consumer goods"
"KAZ",2014,"UNCTAD-SoP4",14689321.93,NA,"N.Q.","Capital goods"
"KEN",2013,"UNCTAD-SoP1",1110931.828,NA,"N.Q.","Raw materials"
"KEN",2013,"UNCTAD-SoP2",4512122.706,NA,"N.Q.","Intermediate goods"
"KEN",2013,"UNCTAD-SoP3",6319466.851,NA,"N.Q.","Consumer goods"
"KEN",2013,"UNCTAD-SoP4",4144402.09,NA,"N.Q.","Capital goods"
"KGZ",2013,"UNCTAD-SoP1",337680.428,NA,"N.Q.","Raw materials"
"KGZ",2013,"UNCTAD-SoP2",1150050.247,NA,"N.Q.","Intermediate goods"
"KGZ",2013,"UNCTAD-SoP3",3354774.339,NA,"N.Q.","Consumer goods"
"KGZ",2013,"UNCTAD-SoP4",1103061.984,NA,"N.Q.","Capital goods"
"KHM",2013,"UNCTAD-SoP1",142747.744,NA,"N.Q.","Raw materials"
"KHM",2013,"UNCTAD-SoP2",3930759.397,NA,"N.Q.","Intermediate goods"
"KHM",2013,"UNCTAD-SoP3",3687403.187,NA,"N.Q.","Consumer goods"
"KHM",2013,"UNCTAD-SoP4",1429081.091,NA,"N.Q.","Capital goods"
"KIR",2013,"UNCTAD-SoP1",5576.183,NA,"N.Q.","Raw materials"
"KIR",2013,"UNCTAD-SoP2",13974.719,NA,"N.Q.","Intermediate goods"
"KIR",2013,"UNCTAD-SoP3",55226.877,NA,"N.Q.","Consumer goods"
"KIR",2013,"UNCTAD-SoP4",20629.054,NA,"N.Q.","Capital goods"
"KOR",2013,"UNCTAD-SoP1",156654095.521,NA,"N.Q.","Raw materials"
"KOR",2013,"UNCTAD-SoP2",98080154.534,NA,"N.Q.","Intermediate goods"
"KOR",2013,"UNCTAD-SoP3",124342930.232,NA,"N.Q.","Consumer goods"
"KOR",2013,"UNCTAD-SoP4",135101153.19,NA,"N.Q.","Capital goods"
"KOR",2014,"UNCTAD-SoP1",152027115.224,NA,"N.Q.","Raw materials"
"KOR",2014,"UNCTAD-SoP2",100110518.039,NA,"N.Q.","Intermediate goods"
"KOR",2014,"UNCTAD-SoP3",131642909.013,NA,"N.Q.","Consumer goods"
"KOR",2014,"UNCTAD-SoP4",140266830.087,NA,"N.Q.","Capital goods"
"KWT",2013,"UNCTAD-SoP1",2286546.466,NA,"N.Q.","Raw materials"
"KWT",2013,"UNCTAD-SoP2",5705655.53,NA,"N.Q.","Intermediate goods"
"KWT",2013,"UNCTAD-SoP3",14169639.008,NA,"N.Q.","Consumer goods"
"KWT",2013,"UNCTAD-SoP4",7207297.182,55073168,"Item","Capital goods"
"KWT",2014,"UNCTAD-SoP1",2499654.062,NA,"N.Q.","Raw materials"
"KWT",2014,"UNCTAD-SoP2",5903058.279,NA,"N.Q.","Intermediate goods"
"KWT",2014,"UNCTAD-SoP3",14759694.936,NA,"N.Q.","Consumer goods"
"KWT",2014,"UNCTAD-SoP4",8002649.273,65801989,"Item","Capital goods"
"LBN",2013,"UNCTAD-SoP1",1495397.123,NA,"N.Q.","Raw materials"
"LBN",2013,"UNCTAD-SoP2",4515525.956,NA,"N.Q.","Intermediate goods"
"LBN",2013,"UNCTAD-SoP3",11875238.105,NA,"N.Q.","Consumer goods"
"LBN",2013,"UNCTAD-SoP4",3123449.216,NA,"N.Q.","Capital goods"
"LBN",2014,"UNCTAD-SoP1",1647632.575,NA,"N.Q.","Raw materials"
"LBN",2014,"UNCTAD-SoP2",4424542.235,NA,"N.Q.","Intermediate goods"
"LBN",2014,"UNCTAD-SoP3",11604876.717,NA,"N.Q.","Consumer goods"
"LBN",2014,"UNCTAD-SoP4",2573606.771,NA,"N.Q.","Capital goods"
"LCA",2014,"UNCTAD-SoP1",45904.545,NA,"N.Q.","Raw materials"
"LCA",2014,"UNCTAD-SoP2",78814.725,NA,"N.Q.","Intermediate goods"
"LCA",2014,"UNCTAD-SoP3",394846.265,NA,"N.Q.","Consumer goods"
"LCA",2014,"UNCTAD-SoP4",91872.086,NA,"N.Q.","Capital goods"
"LDCMNA",2013,"UNCTAD-SoP1",34512154.563,NA,"N.Q.","Raw materials"
"LDCMNA",2013,"UNCTAD-SoP2",67417788.71,NA,"N.Q.","Intermediate goods"
"LDCMNA",2013,"UNCTAD-SoP3",83941599.935,NA,"N.Q.","Consumer goods"
"LDCMNA",2013,"UNCTAD-SoP4",51605979.838,NA,"N.Q.","Capital goods"
"LDCMNA",2014,"UNCTAD-SoP1",36845964.362,NA,"N.Q.","Raw materials"
"LDCMNA",2014,"UNCTAD-SoP2",64794633.496,NA,"N.Q.","Intermediate goods"
"LDCMNA",2014,"UNCTAD-SoP3",78219141.72,NA,"N.Q.","Consumer goods"
"LDCMNA",2014,"UNCTAD-SoP4",48168813.785,NA,"N.Q.","Capital goods"
"LKA",2013,"UNCTAD-SoP1",2388851.305,NA,"N.Q.","Raw materials"
"LKA",2013,"UNCTAD-SoP2",6563306.936,NA,"N.Q.","Intermediate goods"
"LKA",2013,"UNCTAD-SoP3",5676622.551,NA,"N.Q.","Consumer goods"
"LKA",2013,"UNCTAD-SoP4",3120620.359,NA,"N.Q.","Capital goods"
"LKA",2014,"UNCTAD-SoP1",2453172.836,NA,"N.Q.","Raw materials"
"LKA",2014,"UNCTAD-SoP2",7063143.359,NA,"N.Q.","Intermediate goods"
"LKA",2014,"UNCTAD-SoP3",6424104.808,NA,"N.Q.","Consumer goods"
"LKA",2014,"UNCTAD-SoP4",3188542.572,NA,"N.Q.","Capital goods"
"LTU",2013,"UNCTAD-SoP1",10313268.508,NA,"N.Q.","Raw materials"
"LTU",2013,"UNCTAD-SoP2",6154230.926,NA,"N.Q.","Intermediate goods"
"LTU",2013,"UNCTAD-SoP3",11010883.657,NA,"N.Q.","Consumer goods"
"LTU",2013,"UNCTAD-SoP4",6071350.495,NA,"N.Q.","Capital goods"
"LTU",2014,"UNCTAD-SoP1",8603038.337,NA,"N.Q.","Raw materials"
"LTU",2014,"UNCTAD-SoP2",6492425.021,NA,"N.Q.","Intermediate goods"
"LTU",2014,"UNCTAD-SoP3",11944385.385,NA,"N.Q.","Consumer goods"
"LTU",2014,"UNCTAD-SoP4",6742696.345,NA,"N.Q.","Capital goods"
"LUX",2013,"UNCTAD-SoP1",2295593.666,NA,"N.Q.","Raw materials"
"LUX",2013,"UNCTAD-SoP2",4249507.184,NA,"N.Q.","Intermediate goods"
"LUX",2013,"UNCTAD-SoP3",10417628.538,NA,"N.Q.","Consumer goods"
"LUX",2013,"UNCTAD-SoP4",5354203.81,NA,"N.Q.","Capital goods"
"LUX",2014,"UNCTAD-SoP1",2251750.559,NA,"N.Q.","Raw materials"
"LUX",2014,"UNCTAD-SoP2",4189320.147,NA,"N.Q.","Intermediate goods"
"LUX",2014,"UNCTAD-SoP3",10615578.8,NA,"N.Q.","Consumer goods"
"LUX",2014,"UNCTAD-SoP4",5331611.893,NA,"N.Q.","Capital goods"
"LVA",2013,"UNCTAD-SoP1",1275027.935,NA,"N.Q.","Raw materials"
"LVA",2013,"UNCTAD-SoP2",2785886.503,NA,"N.Q.","Intermediate goods"
"LVA",2013,"UNCTAD-SoP3",7539312.62,NA,"N.Q.","Consumer goods"
"LVA",2013,"UNCTAD-SoP4",3137483.743,NA,"N.Q.","Capital goods"
"LVA",2014,"UNCTAD-SoP1",1309194.295,NA,"N.Q.","Raw materials"
"LVA",2014,"UNCTAD-SoP2",2749237.818,NA,"N.Q.","Intermediate goods"
"LVA",2014,"UNCTAD-SoP3",7686892.23,NA,"N.Q.","Consumer goods"
"LVA",2014,"UNCTAD-SoP4",3371763.668,NA,"N.Q.","Capital goods"
"MAC",2014,"UNCTAD-SoP1",403916.503,3231685,"Item","Raw materials"
"MAC",2014,"UNCTAD-SoP2",1132414.908,NA,"N.Q.","Intermediate goods"
"MAC",2014,"UNCTAD-SoP3",7136805.154,2509217,"Area  SM","Consumer goods"
"MAC",2014,"UNCTAD-SoP4",2032356.948,102841259,"Item","Capital goods"
"MAR",2013,"UNCTAD-SoP1",8234879.249,NA,"N.Q.","Raw materials"
"MAR",2013,"UNCTAD-SoP2",12152366.835,NA,"N.Q.","Intermediate goods"
"MAR",2013,"UNCTAD-SoP3",15017998.927,NA,"N.Q.","Consumer goods"
"MAR",2013,"UNCTAD-SoP4",9222729.463,NA,"N.Q.","Capital goods"
"MAR",2014,"UNCTAD-SoP1",8324280.318,NA,"N.Q.","Raw materials"
"MAR",2014,"UNCTAD-SoP2",12313570.492,NA,"N.Q.","Intermediate goods"
"MAR",2014,"UNCTAD-SoP3",16050076.045,NA,"N.Q.","Consumer goods"
"MAR",2014,"UNCTAD-SoP4",8840024.441,NA,"N.Q.","Capital goods"
"MDA",2013,"UNCTAD-SoP1",317763.232,NA,"N.Q.","Raw materials"
"MDA",2013,"UNCTAD-SoP2",1114243.719,NA,"N.Q.","Intermediate goods"
"MDA",2013,"UNCTAD-SoP3",2663103.813,NA,"N.Q.","Consumer goods"
"MDA",2013,"UNCTAD-SoP4",844854.419,NA,"N.Q.","Capital goods"
"MDA",2014,"UNCTAD-SoP1",312837.958,NA,"N.Q.","Raw materials"
"MDA",2014,"UNCTAD-SoP2",1137523.506,NA,"N.Q.","Intermediate goods"
"MDA",2014,"UNCTAD-SoP3",2471557.022,NA,"N.Q.","Consumer goods"
"MDA",2014,"UNCTAD-SoP4",878424.412,NA,"N.Q.","Capital goods"
"MDG",2013,"UNCTAD-SoP1",192420.732,NA,"N.Q.","Raw materials"
"MDG",2013,"UNCTAD-SoP2",803219.616,NA,"N.Q.","Intermediate goods"
"MDG",2013,"UNCTAD-SoP3",1301737.577,NA,"N.Q.","Consumer goods"
"MDG",2013,"UNCTAD-SoP4",387651.568,NA,"N.Q.","Capital goods"
"MDG",2014,"UNCTAD-SoP1",219493.261,NA,"N.Q.","Raw materials"
"MDG",2014,"UNCTAD-SoP2",1017525.855,NA,"N.Q.","Intermediate goods"
"MDG",2014,"UNCTAD-SoP3",1572883.814,NA,"N.Q.","Consumer goods"
"MDG",2014,"UNCTAD-SoP4",520142.621,NA,"N.Q.","Capital goods"
"MDV",2013,"UNCTAD-SoP1",178919.345,NA,"N.Q.","Raw materials"
"MDV",2013,"UNCTAD-SoP2",204007.868,NA,"N.Q.","Intermediate goods"
"MDV",2013,"UNCTAD-SoP3",1035740.947,NA,"N.Q.","Consumer goods"
"MDV",2013,"UNCTAD-SoP4",299130.486,NA,"N.Q.","Capital goods"
"MDV",2014,"UNCTAD-SoP1",202292.803,NA,"N.Q.","Raw materials"
"MDV",2014,"UNCTAD-SoP2",233927.85,NA,"N.Q.","Intermediate goods"
"MDV",2014,"UNCTAD-SoP3",1190221.11,NA,"N.Q.","Consumer goods"
"MDV",2014,"UNCTAD-SoP4",348994.134,NA,"N.Q.","Capital goods"
"MEX",2013,"UNCTAD-SoP1",19006569.54,NA,"N.Q.","Raw materials"
"MEX",2013,"UNCTAD-SoP2",73902317.499,NA,"N.Q.","Intermediate goods"
"MEX",2013,"UNCTAD-SoP3",104206608.205,NA,"N.Q.","Consumer goods"
"MEX",2013,"UNCTAD-SoP4",171241092.335,NA,"N.Q.","Capital goods"
"MEX",2014,"UNCTAD-SoP1",19582676.179,NA,"N.Q.","Raw materials"
"MEX",2014,"UNCTAD-SoP2",78140109.896,NA,"N.Q.","Intermediate goods"
"MEX",2014,"UNCTAD-SoP3",108677357.183,NA,"N.Q.","Consumer goods"
"MEX",2014,"UNCTAD-SoP4",178132235.266,NA,"N.Q.","Capital goods"
"MKD",2013,"UNCTAD-SoP1",562202.803,NA,"N.Q.","Raw materials"
"MKD",2013,"UNCTAD-SoP2",2495419.228,NA,"N.Q.","Intermediate goods"
"MKD",2013,"UNCTAD-SoP3",2497364.717,NA,"N.Q.","Consumer goods"
"MKD",2013,"UNCTAD-SoP4",964973.683,NA,"N.Q.","Capital goods"
"MKD",2014,"UNCTAD-SoP1",538133.776,NA,"N.Q.","Raw materials"
"MKD",2014,"UNCTAD-SoP2",2916247.4,NA,"N.Q.","Intermediate goods"
"MKD",2014,"UNCTAD-SoP3",2649454.487,NA,"N.Q.","Consumer goods"
"MKD",2014,"UNCTAD-SoP4",1095813.864,NA,"N.Q.","Capital goods"
"MLT",2013,"UNCTAD-SoP1",284350.947,NA,"N.Q.","Raw materials"
"MLT",2013,"UNCTAD-SoP2",742357.657,NA,"N.Q.","Intermediate goods"
"MLT",2013,"UNCTAD-SoP3",4991130.428,NA,"N.Q.","Consumer goods"
"MLT",2013,"UNCTAD-SoP4",1470638.198,NA,"N.Q.","Capital goods"
"MLT",2014,"UNCTAD-SoP1",268225.225,NA,"N.Q.","Raw materials"
"MLT",2014,"UNCTAD-SoP2",816032.41,NA,"N.Q.","Intermediate goods"
"MLT",2014,"UNCTAD-SoP3",5728931.452,NA,"N.Q.","Consumer goods"
"MLT",2014,"UNCTAD-SoP4",1598850.961,NA,"N.Q.","Capital goods"
"MNG",2013,"UNCTAD-SoP1",102771.26,NA,"N.Q.","Raw materials"
"MNG",2013,"UNCTAD-SoP2",1006719.665,NA,"N.Q.","Intermediate goods"
"MNG",2013,"UNCTAD-SoP3",3185250.291,NA,"N.Q.","Consumer goods"
"MNG",2013,"UNCTAD-SoP4",2003795.646,NA,"N.Q.","Capital goods"
"MNG",2014,"UNCTAD-SoP1",61095.218,NA,"N.Q.","Raw materials"
"MNG",2014,"UNCTAD-SoP2",968129.851,NA,"N.Q.","Intermediate goods"
"MNG",2014,"UNCTAD-SoP3",2766834.18,NA,"N.Q.","Consumer goods"
"MNG",2014,"UNCTAD-SoP4",1278232.672,NA,"N.Q.","Capital goods"
"MNT",2013,"UNCTAD-SoP1",241982.641,NA,"N.Q.","Raw materials"
"MNT",2013,"UNCTAD-SoP2",418739.205,NA,"N.Q.","Intermediate goods"
"MNT",2013,"UNCTAD-SoP3",1320923.223,NA,"N.Q.","Consumer goods"
"MNT",2013,"UNCTAD-SoP4",341305.598,NA,"N.Q.","Capital goods"
"MNT",2014,"UNCTAD-SoP1",274211.222,NA,"N.Q.","Raw materials"
"MNT",2014,"UNCTAD-SoP2",396170.924,NA,"N.Q.","Intermediate goods"
"MNT",2014,"UNCTAD-SoP3",1338616.557,NA,"N.Q.","Consumer goods"
"MNT",2014,"UNCTAD-SoP4",330573.243,NA,"N.Q.","Capital goods"
"MOZ",2013,"UNCTAD-SoP1",421204.52,NA,"N.Q.","Raw materials"
"MOZ",2013,"UNCTAD-SoP2",2048141.682,NA,"N.Q.","Intermediate goods"
"MOZ",2013,"UNCTAD-SoP3",4457606.016,NA,"N.Q.","Consumer goods"
"MOZ",2013,"UNCTAD-SoP4",3122142.624,NA,"N.Q.","Capital goods"
"MOZ",2014,"UNCTAD-SoP1",451784.02,NA,"N.Q.","Raw materials"
"MOZ",2014,"UNCTAD-SoP2",2234208.35,NA,"N.Q.","Intermediate goods"
"MOZ",2014,"UNCTAD-SoP3",3387652.837,NA,"N.Q.","Consumer goods"
"MOZ",2014,"UNCTAD-SoP4",2615689.002,NA,"N.Q.","Capital goods"
"MRT",2013,"UNCTAD-SoP1",181467.676,NA,"N.Q.","Raw materials"
"MRT",2013,"UNCTAD-SoP2",423104.612,NA,"N.Q.","Intermediate goods"
"MRT",2013,"UNCTAD-SoP3",1341229.253,NA,"N.Q.","Consumer goods"
"MRT",2013,"UNCTAD-SoP4",2018696.802,NA,"N.Q.","Capital goods"
"MRT",2014,"UNCTAD-SoP1",180123.737,NA,"N.Q.","Raw materials"
"MRT",2014,"UNCTAD-SoP2",472835.758,NA,"N.Q.","Intermediate goods"
"MRT",2014,"UNCTAD-SoP3",1386629.518,NA,"N.Q.","Consumer goods"
"MRT",2014,"UNCTAD-SoP4",1592000.301,NA,"N.Q.","Capital goods"
"MSR",2013,"UNCTAD-SoP1",2113.764,NA,"N.Q.","Raw materials"
"MSR",2013,"UNCTAD-SoP2",4851.32,NA,"N.Q.","Intermediate goods"
"MSR",2013,"UNCTAD-SoP3",26801.709,NA,"N.Q.","Consumer goods"
"MSR",2013,"UNCTAD-SoP4",7688.505,NA,"N.Q.","Capital goods"
"MSR",2014,"UNCTAD-SoP1",1973.697,NA,"N.Q.","Raw materials"
"MSR",2014,"UNCTAD-SoP2",4983.742,NA,"N.Q.","Intermediate goods"
"MSR",2014,"UNCTAD-SoP3",27993.092,NA,"N.Q.","Consumer goods"
"MSR",2014,"UNCTAD-SoP4",6520.877,NA,"N.Q.","Capital goods"
"MUS",2013,"UNCTAD-SoP1",819944.616,NA,"N.Q.","Raw materials"
"MUS",2013,"UNCTAD-SoP2",1060617.658,NA,"N.Q.","Intermediate goods"
"MUS",2013,"UNCTAD-SoP3",2617806.587,NA,"N.Q.","Consumer goods"
"MUS",2013,"UNCTAD-SoP4",836347.95,NA,"N.Q.","Capital goods"
"MUS",2014,"UNCTAD-SoP1",793268.342,NA,"N.Q.","Raw materials"
"MUS",2014,"UNCTAD-SoP2",1045867.008,NA,"N.Q.","Intermediate goods"
"MUS",2014,"UNCTAD-SoP3",2579339.849,NA,"N.Q.","Consumer goods"
"MUS",2014,"UNCTAD-SoP4",1123393.537,NA,"N.Q.","Capital goods"
"MWI",2013,"UNCTAD-SoP1",234158.206,NA,"N.Q.","Raw materials"
"MWI",2013,"UNCTAD-SoP2",927934.066,NA,"N.Q.","Intermediate goods"
"MWI",2013,"UNCTAD-SoP3",1156012.123,NA,"N.Q.","Consumer goods"
"MWI",2013,"UNCTAD-SoP4",511088.1,NA,"N.Q.","Capital goods"
"MWI",2014,"UNCTAD-SoP1",140267.858,NA,"N.Q.","Raw materials"
"MWI",2014,"UNCTAD-SoP2",762427.396,NA,"N.Q.","Intermediate goods"
"MWI",2014,"UNCTAD-SoP3",1213707.578,NA,"N.Q.","Consumer goods"
"MWI",2014,"UNCTAD-SoP4",599542.614,NA,"N.Q.","Capital goods"
"MYS",2013,"UNCTAD-SoP1",20757525.381,NA,"N.Q.","Raw materials"
"MYS",2013,"UNCTAD-SoP2",48412660.754,NA,"N.Q.","Intermediate goods"
"MYS",2013,"UNCTAD-SoP3",49285934.8,54342483,"Area  SM","Consumer goods"
"MYS",2013,"UNCTAD-SoP4",85419546.077,45592293317,"Item","Capital goods"
"MYS",2014,"UNCTAD-SoP1",20238269.245,NA,"N.Q.","Raw materials"
"MYS",2014,"UNCTAD-SoP2",49405155.351,NA,"N.Q.","Intermediate goods"
"MYS",2014,"UNCTAD-SoP3",50932571.987,70132710,"Area  SM","Consumer goods"
"MYS",2014,"UNCTAD-SoP4",86342040.827,59632998339,"Item","Capital goods"
"NAM",2013,"UNCTAD-SoP1",1210912.484,NA,"N.Q.","Raw materials"
"NAM",2013,"UNCTAD-SoP2",949690.781,NA,"N.Q.","Intermediate goods"
"NAM",2013,"UNCTAD-SoP3",3213541.431,NA,"N.Q.","Consumer goods"
"NAM",2013,"UNCTAD-SoP4",2117473.801,NA,"N.Q.","Capital goods"
"NAM",2014,"UNCTAD-SoP1",885292.811,NA,"N.Q.","Raw materials"
"NAM",2014,"UNCTAD-SoP2",1110106.28,NA,"N.Q.","Intermediate goods"
"NAM",2014,"UNCTAD-SoP3",3152809.324,NA,"N.Q.","Consumer goods"
"NAM",2014,"UNCTAD-SoP4",3306121.066,NA,"N.Q.","Capital goods"
"NCL",2013,"UNCTAD-SoP1",234243.669,NA,"N.Q.","Raw materials"
"NCL",2013,"UNCTAD-SoP2",326902.589,NA,"N.Q.","Intermediate goods"
"NCL",2013,"UNCTAD-SoP3",1885917.323,NA,"N.Q.","Consumer goods"
"NCL",2013,"UNCTAD-SoP4",669525.569,NA,"N.Q.","Capital goods"
"NCL",2014,"UNCTAD-SoP1",226768.516,NA,"N.Q.","Raw materials"
"NCL",2014,"UNCTAD-SoP2",331214.192,NA,"N.Q.","Intermediate goods"
"NCL",2014,"UNCTAD-SoP3",1941066.659,NA,"N.Q.","Consumer goods"
"NCL",2014,"UNCTAD-SoP4",744297.769,NA,"N.Q.","Capital goods"
"NER",2013,"UNCTAD-SoP1",64913.673,NA,"N.Q.","Raw materials"
"NER",2013,"UNCTAD-SoP2",409440.027,NA,"N.Q.","Intermediate goods"
"NER",2013,"UNCTAD-SoP3",836271.223,NA,"N.Q.","Consumer goods"
"NER",2013,"UNCTAD-SoP4",393040.127,NA,"N.Q.","Capital goods"
"NER",2014,"UNCTAD-SoP1",63659.865,NA,"N.Q.","Raw materials"
"NER",2014,"UNCTAD-SoP2",590271.525,NA,"N.Q.","Intermediate goods"
"NER",2014,"UNCTAD-SoP3",806566.752,NA,"N.Q.","Consumer goods"
"NER",2014,"UNCTAD-SoP4",683667.605,NA,"N.Q.","Capital goods"
"NGA",2013,"UNCTAD-SoP1",4125400.329,NA,"N.Q.","Raw materials"
"NGA",2013,"UNCTAD-SoP2",11817187.188,NA,"N.Q.","Intermediate goods"
"NGA",2013,"UNCTAD-SoP3",16973007.116,NA,"N.Q.","Consumer goods"
"NGA",2013,"UNCTAD-SoP4",11297253.031,NA,"N.Q.","Capital goods"
"NGA",2014,"UNCTAD-SoP1",3486154.301,NA,"N.Q.","Raw materials"
"NGA",2014,"UNCTAD-SoP2",13104640.425,NA,"N.Q.","Intermediate goods"
"NGA",2014,"UNCTAD-SoP3",15555970.483,NA,"N.Q.","Consumer goods"
"NGA",2014,"UNCTAD-SoP4",13758725.135,NA,"N.Q.","Capital goods"
"NIC",2013,"UNCTAD-SoP1",780850.851,NA,"N.Q.","Raw materials"
"NIC",2013,"UNCTAD-SoP2",991762.797,NA,"N.Q.","Intermediate goods"
"NIC",2013,"UNCTAD-SoP3",2628457.297,NA,"N.Q.","Consumer goods"
"NIC",2013,"UNCTAD-SoP4",1047308.591,NA,"N.Q.","Capital goods"
"NIC",2014,"UNCTAD-SoP1",731824.366,NA,"N.Q.","Raw materials"
"NIC",2014,"UNCTAD-SoP2",1002412.297,NA,"N.Q.","Intermediate goods"
"NIC",2014,"UNCTAD-SoP3",2728700.41,NA,"N.Q.","Consumer goods"
"NIC",2014,"UNCTAD-SoP4",1217374.452,NA,"N.Q.","Capital goods"
"NLD",2013,"UNCTAD-SoP1",91164038.48,NA,"N.Q.","Raw materials"
"NLD",2013,"UNCTAD-SoP2",103525161.883,NA,"N.Q.","Intermediate goods"
"NLD",2013,"UNCTAD-SoP3",176896990.428,NA,"N.Q.","Consumer goods"
"NLD",2013,"UNCTAD-SoP4",129160221.839,NA,"N.Q.","Capital goods"
"NLD",2014,"UNCTAD-SoP1",85107657.22,NA,"N.Q.","Raw materials"
"NLD",2014,"UNCTAD-SoP2",100680496.346,NA,"N.Q.","Intermediate goods"
"NLD",2014,"UNCTAD-SoP3",171150337.441,NA,"N.Q.","Consumer goods"
"NLD",2014,"UNCTAD-SoP4",135220168.723,NA,"N.Q.","Capital goods"
"NOR",2013,"UNCTAD-SoP1",5516215.623,NA,"N.Q.","Raw materials"
"NOR",2013,"UNCTAD-SoP2",17959707.048,NA,"N.Q.","Intermediate goods"
"NOR",2013,"UNCTAD-SoP3",36017291.91,16581077,"Area  SM","Consumer goods"
"NOR",2013,"UNCTAD-SoP4",28385889.076,NA,"N.Q.","Capital goods"
"NOR",2014,"UNCTAD-SoP1",4856295.237,NA,"N.Q.","Raw materials"
"NOR",2014,"UNCTAD-SoP2",18371810.838,NA,"N.Q.","Intermediate goods"
"NOR",2014,"UNCTAD-SoP3",35338183.502,15815480,"Area  SM","Consumer goods"
"NOR",2014,"UNCTAD-SoP4",28759051.075,NA,"N.Q.","Capital goods"
"NPL",2013,"UNCTAD-SoP1",542169.802,NA,"N.Q.","Raw materials"
"NPL",2013,"UNCTAD-SoP2",2713178.378,NA,"N.Q.","Intermediate goods"
"NPL",2013,"UNCTAD-SoP3",2189284.83,NA,"N.Q.","Consumer goods"
"NPL",2013,"UNCTAD-SoP4",911538.107,NA,"N.Q.","Capital goods"
"NPL",2014,"UNCTAD-SoP1",743640.315,NA,"N.Q.","Raw materials"
"NPL",2014,"UNCTAD-SoP2",2622530.841,NA,"N.Q.","Intermediate goods"
"NPL",2014,"UNCTAD-SoP3",2834314.668,NA,"N.Q.","Consumer goods"
"NPL",2014,"UNCTAD-SoP4",1345440.699,NA,"N.Q.","Capital goods"
"NZL",2013,"UNCTAD-SoP1",5776165.008,NA,"N.Q.","Raw materials"
"NZL",2013,"UNCTAD-SoP2",6157914.081,NA,"N.Q.","Intermediate goods"
"NZL",2013,"UNCTAD-SoP3",16506610.302,NA,"N.Q.","Consumer goods"
"NZL",2013,"UNCTAD-SoP4",10293458.648,NA,"N.Q.","Capital goods"
"NZL",2014,"UNCTAD-SoP1",5491119.443,NA,"N.Q.","Raw materials"
"NZL",2014,"UNCTAD-SoP2",6594680.296,NA,"N.Q.","Intermediate goods"
"NZL",2014,"UNCTAD-SoP3",17341636.39,NA,"N.Q.","Consumer goods"
"NZL",2014,"UNCTAD-SoP4",12212147.669,NA,"N.Q.","Capital goods"
"OAS",2013,"UNCTAD-SoP1",53393514.319,NA,"N.Q.","Raw materials"
"OAS",2013,"UNCTAD-SoP2",61926430.512,NA,"N.Q.","Intermediate goods"
"OAS",2013,"UNCTAD-SoP3",55773691.456,NA,"N.Q.","Consumer goods"
"OAS",2013,"UNCTAD-SoP4",89792500.704,NA,"N.Q.","Capital goods"
"OAS",2014,"UNCTAD-SoP1",53456097.36,NA,"N.Q.","Raw materials"
"OAS",2014,"UNCTAD-SoP2",62871826.632,NA,"N.Q.","Intermediate goods"
"OAS",2014,"UNCTAD-SoP3",56978071.139,NA,"N.Q.","Consumer goods"
"OAS",2014,"UNCTAD-SoP4",94506861.031,NA,"N.Q.","Capital goods"
"OMN",2013,"UNCTAD-SoP1",2739159.038,NA,"N.Q.","Raw materials"
"OMN",2013,"UNCTAD-SoP2",7358209.431,NA,"N.Q.","Intermediate goods"
"OMN",2013,"UNCTAD-SoP3",16637390.555,NA,"N.Q.","Consumer goods"
"OMN",2013,"UNCTAD-SoP4",7422649.483,NA,"N.Q.","Capital goods"
"OMN",2014,"UNCTAD-SoP1",2685874.536,NA,"N.Q.","Raw materials"
"OMN",2014,"UNCTAD-SoP2",7006230.531,NA,"N.Q.","Intermediate goods"
"OMN",2014,"UNCTAD-SoP3",12273036.439,NA,"N.Q.","Consumer goods"
"OMN",2014,"UNCTAD-SoP4",7134259.352,NA,"N.Q.","Capital goods"
"PAK",2013,"UNCTAD-SoP1",8809159.781,NA,"N.Q.","Raw materials"
"PAK",2013,"UNCTAD-SoP2",12628308.658,NA,"N.Q.","Intermediate goods"
"PAK",2013,"UNCTAD-SoP3",15808841.659,NA,"N.Q.","Consumer goods"
"PAK",2013,"UNCTAD-SoP4",6432120.604,NA,"N.Q.","Capital goods"
"PAK",2014,"UNCTAD-SoP1",9629101.05,NA,"N.Q.","Raw materials"
"PAK",2014,"UNCTAD-SoP2",13765615.99,NA,"N.Q.","Intermediate goods"
"PAK",2014,"UNCTAD-SoP3",15734510.769,NA,"N.Q.","Consumer goods"
"PAK",2014,"UNCTAD-SoP4",8141556.606,NA,"N.Q.","Capital goods"
"PAN",2013,"UNCTAD-SoP1",373504.602,NA,"N.Q.","Raw materials"
"PAN",2013,"UNCTAD-SoP2",1759640.992,NA,"N.Q.","Intermediate goods"
"PAN",2013,"UNCTAD-SoP3",5521518.433,NA,"N.Q.","Consumer goods"
"PAN",2013,"UNCTAD-SoP4",2929078.047,NA,"N.Q.","Capital goods"
"PAN",2014,"UNCTAD-SoP1",414238.919,NA,"N.Q.","Raw materials"
"PAN",2014,"UNCTAD-SoP2",2097945.041,NA,"N.Q.","Intermediate goods"
"PAN",2014,"UNCTAD-SoP3",8009039.765,NA,"N.Q.","Consumer goods"
"PAN",2014,"UNCTAD-SoP4",2806973.001,NA,"N.Q.","Capital goods"
"PER",2013,"UNCTAD-SoP1",5738998.578,NA,"N.Q.","Raw materials"
"PER",2013,"UNCTAD-SoP2",10425359.75,NA,"N.Q.","Intermediate goods"
"PER",2013,"UNCTAD-SoP3",13137333.87,NA,"N.Q.","Consumer goods"
"PER",2013,"UNCTAD-SoP4",13213446.628,627927032,"Item","Capital goods"
"PER",2014,"UNCTAD-SoP1",5487493.986,NA,"N.Q.","Raw materials"
"PER",2014,"UNCTAD-SoP2",10518100.224,NA,"N.Q.","Intermediate goods"
"PER",2014,"UNCTAD-SoP3",12849952.595,NA,"N.Q.","Consumer goods"
"PER",2014,"UNCTAD-SoP4",12514239.726,579707557,"Item","Capital goods"
"PHL",2013,"UNCTAD-SoP1",11457177.189,NA,"N.Q.","Raw materials"
"PHL",2013,"UNCTAD-SoP2",12871814.864,NA,"N.Q.","Intermediate goods"
"PHL",2013,"UNCTAD-SoP3",15630550.125,NA,"N.Q.","Consumer goods"
"PHL",2013,"UNCTAD-SoP4",25387498.273,NA,"N.Q.","Capital goods"
"PHL",2014,"UNCTAD-SoP1",10478376,NA,"N.Q.","Raw materials"
"PHL",2014,"UNCTAD-SoP2",14820997.548,NA,"N.Q.","Intermediate goods"
"PHL",2014,"UNCTAD-SoP3",17400281.811,NA,"N.Q.","Consumer goods"
"PHL",2014,"UNCTAD-SoP4",24629789.398,NA,"N.Q.","Capital goods"
"PLW",2013,"UNCTAD-SoP1",9144.172,NA,"N.Q.","Raw materials"
"PLW",2013,"UNCTAD-SoP2",11866.949,NA,"N.Q.","Intermediate goods"
"PLW",2013,"UNCTAD-SoP3",112247.973,NA,"N.Q.","Consumer goods"
"PLW",2013,"UNCTAD-SoP4",33674.457,NA,"N.Q.","Capital goods"
"PLW",2014,"UNCTAD-SoP1",10171.167,NA,"N.Q.","Raw materials"
"PLW",2014,"UNCTAD-SoP2",14095.346,NA,"N.Q.","Intermediate goods"
"PLW",2014,"UNCTAD-SoP3",107059.563,NA,"N.Q.","Consumer goods"
"PLW",2014,"UNCTAD-SoP4",30673.471,NA,"N.Q.","Capital goods"
"POL",2013,"UNCTAD-SoP1",31835932.3,NA,"N.Q.","Raw materials"
"POL",2013,"UNCTAD-SoP2",48967069.869,NA,"N.Q.","Intermediate goods"
"POL",2013,"UNCTAD-SoP3",55504604.911,NA,"N.Q.","Consumer goods"
"POL",2013,"UNCTAD-SoP4",61356328.278,NA,"N.Q.","Capital goods"
"POL",2014,"UNCTAD-SoP1",31161271.137,NA,"N.Q.","Raw materials"
"POL",2014,"UNCTAD-SoP2",53043637.637,NA,"N.Q.","Intermediate goods"
"POL",2014,"UNCTAD-SoP3",60919478.755,NA,"N.Q.","Consumer goods"
"POL",2014,"UNCTAD-SoP4",64797565.518,NA,"N.Q.","Capital goods"
"PRT",2013,"UNCTAD-SoP1",17216745.051,NA,"N.Q.","Raw materials"
"PRT",2013,"UNCTAD-SoP2",17785618.089,NA,"N.Q.","Intermediate goods"
"PRT",2013,"UNCTAD-SoP3",25275493.706,NA,"N.Q.","Consumer goods"
"PRT",2013,"UNCTAD-SoP4",14787744.126,NA,"N.Q.","Capital goods"
"PRT",2014,"UNCTAD-SoP1",15995767.184,NA,"N.Q.","Raw materials"
"PRT",2014,"UNCTAD-SoP2",18176049.526,NA,"N.Q.","Intermediate goods"
"PRT",2014,"UNCTAD-SoP3",27433521.178,NA,"N.Q.","Consumer goods"
"PRT",2014,"UNCTAD-SoP4",16050314.33,NA,"N.Q.","Capital goods"
"PRY",2013,"UNCTAD-SoP1",369800.502,NA,"N.Q.","Raw materials"
"PRY",2013,"UNCTAD-SoP2",2397856.914,NA,"N.Q.","Intermediate goods"
"PRY",2013,"UNCTAD-SoP3",5354233.14,NA,"N.Q.","Consumer goods"
"PRY",2013,"UNCTAD-SoP4",3775728.877,NA,"N.Q.","Capital goods"
"PRY",2014,"UNCTAD-SoP1",330373.757,NA,"N.Q.","Raw materials"
"PRY",2014,"UNCTAD-SoP2",2521139.569,NA,"N.Q.","Intermediate goods"
"PRY",2014,"UNCTAD-SoP3",5670308.568,NA,"N.Q.","Consumer goods"
"PRY",2014,"UNCTAD-SoP4",3413317.555,NA,"N.Q.","Capital goods"
"PSE",2013,"UNCTAD-SoP1",532601.028,NA,"N.Q.","Raw materials"
"PSE",2013,"UNCTAD-SoP2",1470022.134,NA,"N.Q.","Intermediate goods"
"PSE",2013,"UNCTAD-SoP3",2653993.707,NA,"N.Q.","Consumer goods"
"PSE",2013,"UNCTAD-SoP4",470024.282,NA,"N.Q.","Capital goods"
"PSE",2014,"UNCTAD-SoP1",505954.922,NA,"N.Q.","Raw materials"
"PSE",2014,"UNCTAD-SoP2",1665922.353,NA,"N.Q.","Intermediate goods"
"PSE",2014,"UNCTAD-SoP3",2927919.96,NA,"N.Q.","Consumer goods"
"PSE",2014,"UNCTAD-SoP4",546259.238,NA,"N.Q.","Capital goods"
"PYF",2013,"UNCTAD-SoP1",150750.345,NA,"N.Q.","Raw materials"
"PYF",2013,"UNCTAD-SoP2",195896.77,NA,"N.Q.","Intermediate goods"
"PYF",2013,"UNCTAD-SoP3",1059474.09,NA,"N.Q.","Consumer goods"
"PYF",2013,"UNCTAD-SoP4",386338.465,NA,"N.Q.","Capital goods"
"PYF",2014,"UNCTAD-SoP1",158244.347,NA,"N.Q.","Raw materials"
"PYF",2014,"UNCTAD-SoP2",183017.492,NA,"N.Q.","Intermediate goods"
"PYF",2014,"UNCTAD-SoP3",1038053.308,NA,"N.Q.","Consumer goods"
"PYF",2014,"UNCTAD-SoP4",357479.84,NA,"N.Q.","Capital goods"
"QAT",2013,"UNCTAD-SoP1",2158414.616,NA,"N.Q.","Raw materials"
"QAT",2013,"UNCTAD-SoP2",6105542.67,NA,"N.Q.","Intermediate goods"
"QAT",2013,"UNCTAD-SoP3",10072794.893,NA,"N.Q.","Consumer goods"
"QAT",2013,"UNCTAD-SoP4",8471720.217,NA,"N.Q.","Capital goods"
"QAT",2014,"UNCTAD-SoP1",2376961.931,NA,"N.Q.","Raw materials"
"QAT",2014,"UNCTAD-SoP2",7076415.054,NA,"N.Q.","Intermediate goods"
"QAT",2014,"UNCTAD-SoP3",11198738.99,NA,"N.Q.","Consumer goods"
"QAT",2014,"UNCTAD-SoP4",9615839.337,NA,"N.Q.","Capital goods"
"ROM",2013,"UNCTAD-SoP1",8084565.224,NA,"N.Q.","Raw materials"
"ROM",2013,"UNCTAD-SoP2",18680279.338,NA,"N.Q.","Intermediate goods"
"ROM",2013,"UNCTAD-SoP3",21575926.323,NA,"N.Q.","Consumer goods"
"ROM",2013,"UNCTAD-SoP4",21885823.557,NA,"N.Q.","Capital goods"
"ROM",2014,"UNCTAD-SoP1",8815966.48,NA,"N.Q.","Raw materials"
"ROM",2014,"UNCTAD-SoP2",19459182.575,NA,"N.Q.","Intermediate goods"
"ROM",2014,"UNCTAD-SoP3",22585168.516,NA,"N.Q.","Consumer goods"
"ROM",2014,"UNCTAD-SoP4",23261017.705,NA,"N.Q.","Capital goods"
"RUS",2013,"UNCTAD-SoP1",27265053.706,NA,"N.Q.","Raw materials"
"RUS",2013,"UNCTAD-SoP2",46904834.274,NA,"N.Q.","Intermediate goods"
"RUS",2013,"UNCTAD-SoP3",111829979.72,NA,"N.Q.","Consumer goods"
"RUS",2013,"UNCTAD-SoP4",123753084.743,NA,"N.Q.","Capital goods"
"RUS",2014,"UNCTAD-SoP1",25626691.465,NA,"N.Q.","Raw materials"
"RUS",2014,"UNCTAD-SoP2",43821561.741,NA,"N.Q.","Intermediate goods"
"RUS",2014,"UNCTAD-SoP3",100582260.226,NA,"N.Q.","Consumer goods"
"RUS",2014,"UNCTAD-SoP4",112643418.934,NA,"N.Q.","Capital goods"
"RWA",2013,"UNCTAD-SoP1",135199.506,NA,"N.Q.","Raw materials"
"RWA",2013,"UNCTAD-SoP2",503849.452,NA,"N.Q.","Intermediate goods"
"RWA",2013,"UNCTAD-SoP3",870710.684,NA,"N.Q.","Consumer goods"
"RWA",2013,"UNCTAD-SoP4",466182.599,NA,"N.Q.","Capital goods"
"RWA",2014,"UNCTAD-SoP1",132873.548,NA,"N.Q.","Raw materials"
"RWA",2014,"UNCTAD-SoP2",558759.577,NA,"N.Q.","Intermediate goods"
"RWA",2014,"UNCTAD-SoP3",760962.996,NA,"N.Q.","Consumer goods"
"RWA",2014,"UNCTAD-SoP4",484761.294,NA,"N.Q.","Capital goods"
"SAU",2013,"UNCTAD-SoP1",13239131.923,NA,"N.Q.","Raw materials"
"SAU",2013,"UNCTAD-SoP2",38867450.881,NA,"N.Q.","Intermediate goods"
"SAU",2013,"UNCTAD-SoP3",56916330.116,NA,"N.Q.","Consumer goods"
"SAU",2013,"UNCTAD-SoP4",53389183.05,NA,"N.Q.","Capital goods"
"SEN",2013,"UNCTAD-SoP1",1198847.521,NA,"N.Q.","Raw materials"
"SEN",2013,"UNCTAD-SoP2",1070359.928,NA,"N.Q.","Intermediate goods"
"SEN",2013,"UNCTAD-SoP3",3137019.797,NA,"N.Q.","Consumer goods"
"SEN",2013,"UNCTAD-SoP4",1226052.881,NA,"N.Q.","Capital goods"
"SEN",2014,"UNCTAD-SoP1",1040802.444,NA,"N.Q.","Raw materials"
"SEN",2014,"UNCTAD-SoP2",1083473.151,NA,"N.Q.","Intermediate goods"
"SEN",2014,"UNCTAD-SoP3",3206689.009,NA,"N.Q.","Consumer goods"
"SEN",2014,"UNCTAD-SoP4",1195469.327,NA,"N.Q.","Capital goods"
"SER",2013,"UNCTAD-SoP1",2380269.257,NA,"N.Q.","Raw materials"
"SER",2013,"UNCTAD-SoP2",5199768.682,NA,"N.Q.","Intermediate goods"
"SER",2013,"UNCTAD-SoP3",6624316.43,NA,"N.Q.","Consumer goods"
"SER",2013,"UNCTAD-SoP4",4917059.58,NA,"N.Q.","Capital goods"
"SER",2014,"UNCTAD-SoP1",2247875.821,NA,"N.Q.","Raw materials"
"SER",2014,"UNCTAD-SoP2",5141411.4,NA,"N.Q.","Intermediate goods"
"SER",2014,"UNCTAD-SoP3",6387684.213,NA,"N.Q.","Consumer goods"
"SER",2014,"UNCTAD-SoP4",4449420.642,NA,"N.Q.","Capital goods"
"SGP",2013,"UNCTAD-SoP1",41510319.318,NA,"N.Q.","Raw materials"
"SGP",2013,"UNCTAD-SoP2",47249731.424,NA,"N.Q.","Intermediate goods"
"SGP",2013,"UNCTAD-SoP3",123844138.34,NA,"N.Q.","Consumer goods"
"SGP",2013,"UNCTAD-SoP4",152902245.634,NA,"N.Q.","Capital goods"
"SGP",2014,"UNCTAD-SoP1",41323095.797,NA,"N.Q.","Raw materials"
"SGP",2014,"UNCTAD-SoP2",47096087.359,NA,"N.Q.","Intermediate goods"
"SGP",2014,"UNCTAD-SoP3",121947824.668,NA,"N.Q.","Consumer goods"
"SGP",2014,"UNCTAD-SoP4",149270498.531,NA,"N.Q.","Capital goods"
"SLB",2013,"UNCTAD-SoP1",19943.141,NA,"N.Q.","Raw materials"
"SLB",2013,"UNCTAD-SoP2",15312.474,NA,"N.Q.","Intermediate goods"
"SLB",2013,"UNCTAD-SoP3",297769.346,NA,"N.Q.","Consumer goods"
"SLB",2013,"UNCTAD-SoP4",53520.337,NA,"N.Q.","Capital goods"
"SLB",2014,"UNCTAD-SoP1",21374.332,NA,"N.Q.","Raw materials"
"SLB",2014,"UNCTAD-SoP2",12646.105,NA,"N.Q.","Intermediate goods"
"SLB",2014,"UNCTAD-SoP3",236512.229,NA,"N.Q.","Consumer goods"
"SLB",2014,"UNCTAD-SoP4",40104.402,NA,"N.Q.","Capital goods"
"SLE",2014,"UNCTAD-SoP1",28256.373,NA,"N.Q.","Raw materials"
"SLE",2014,"UNCTAD-SoP2",119679.02,NA,"N.Q.","Intermediate goods"
"SLE",2014,"UNCTAD-SoP3",1520364.269,NA,"N.Q.","Consumer goods"
"SLE",2014,"UNCTAD-SoP4",373080.005,NA,"N.Q.","Capital goods"
"SLV",2013,"UNCTAD-SoP1",720373.467,NA,"N.Q.","Raw materials"
"SLV",2013,"UNCTAD-SoP2",3179007.932,NA,"N.Q.","Intermediate goods"
"SLV",2013,"UNCTAD-SoP3",5247019.756,NA,"N.Q.","Consumer goods"
"SLV",2013,"UNCTAD-SoP4",1521336.215,NA,"N.Q.","Capital goods"
"SLV",2014,"UNCTAD-SoP1",733721.515,NA,"N.Q.","Raw materials"
"SLV",2014,"UNCTAD-SoP2",3123824.707,NA,"N.Q.","Intermediate goods"
"SLV",2014,"UNCTAD-SoP3",5041471.944,NA,"N.Q.","Consumer goods"
"SLV",2014,"UNCTAD-SoP4",1504950.037,NA,"N.Q.","Capital goods"
"STP",2013,"UNCTAD-SoP1",7295.183,8587,"Item","Raw materials"
"STP",2013,"UNCTAD-SoP2",24398.632,NA,"N.Q.","Intermediate goods"
"STP",2013,"UNCTAD-SoP3",98630.435,NA,"N.Q.","Consumer goods"
"STP",2013,"UNCTAD-SoP4",20531.86,NA,"N.Q.","Capital goods"
"STP",2014,"UNCTAD-SoP1",9859.454,NA,"N.Q.","Raw materials"
"STP",2014,"UNCTAD-SoP2",28072.604,NA,"N.Q.","Intermediate goods"
"STP",2014,"UNCTAD-SoP3",108183.597,NA,"N.Q.","Consumer goods"
"STP",2014,"UNCTAD-SoP4",22030.131,NA,"N.Q.","Capital goods"
"SUR",2013,"UNCTAD-SoP1",63844.234,NA,"N.Q.","Raw materials"
"SUR",2013,"UNCTAD-SoP2",346062.442,NA,"N.Q.","Intermediate goods"
"SUR",2013,"UNCTAD-SoP3",1064701.036,NA,"N.Q.","Consumer goods"
"SUR",2013,"UNCTAD-SoP4",812005.865,NA,"N.Q.","Capital goods"
"SUR",2014,"UNCTAD-SoP1",63154.899,NA,"N.Q.","Raw materials"
"SUR",2014,"UNCTAD-SoP2",328621.056,NA,"N.Q.","Intermediate goods"
"SUR",2014,"UNCTAD-SoP3",895571.394,NA,"N.Q.","Consumer goods"
"SUR",2014,"UNCTAD-SoP4",521510.763,NA,"N.Q.","Capital goods"
"SVK",2013,"UNCTAD-SoP1",8363323.771,NA,"N.Q.","Raw materials"
"SVK",2013,"UNCTAD-SoP2",13670858.021,NA,"N.Q.","Intermediate goods"
"SVK",2013,"UNCTAD-SoP3",24619209.598,NA,"N.Q.","Consumer goods"
"SVK",2013,"UNCTAD-SoP4",32675830.652,NA,"N.Q.","Capital goods"
"SVK",2014,"UNCTAD-SoP1",7308275.885,NA,"N.Q.","Raw materials"
"SVK",2014,"UNCTAD-SoP2",13852715.15,NA,"N.Q.","Intermediate goods"
"SVK",2014,"UNCTAD-SoP3",24781627.626,NA,"N.Q.","Consumer goods"
"SVK",2014,"UNCTAD-SoP4",33370296.764,NA,"N.Q.","Capital goods"
"SVN",2013,"UNCTAD-SoP1",1984661.38,NA,"N.Q.","Raw materials"
"SVN",2013,"UNCTAD-SoP2",7871905.107,NA,"N.Q.","Intermediate goods"
"SVN",2013,"UNCTAD-SoP3",12545632.288,NA,"N.Q.","Consumer goods"
"SVN",2013,"UNCTAD-SoP4",6605073.543,NA,"N.Q.","Capital goods"
"SVN",2014,"UNCTAD-SoP1",2010661.738,NA,"N.Q.","Raw materials"
"SVN",2014,"UNCTAD-SoP2",7877705.568,NA,"N.Q.","Intermediate goods"
"SVN",2014,"UNCTAD-SoP3",13067759.878,NA,"N.Q.","Consumer goods"
"SVN",2014,"UNCTAD-SoP4",6688097.058,NA,"N.Q.","Capital goods"
"SWE",2013,"UNCTAD-SoP1",24574739.257,NA,"N.Q.","Raw materials"
"SWE",2013,"UNCTAD-SoP2",26587135.236,NA,"N.Q.","Intermediate goods"
"SWE",2013,"UNCTAD-SoP3",55773607.425,NA,"N.Q.","Consumer goods"
"SWE",2013,"UNCTAD-SoP4",45820540.405,NA,"N.Q.","Capital goods"
"SWE",2014,"UNCTAD-SoP1",23940768.454,NA,"N.Q.","Raw materials"
"SWE",2014,"UNCTAD-SoP2",26915444.372,NA,"N.Q.","Intermediate goods"
"SWE",2014,"UNCTAD-SoP3",56979406.167,NA,"N.Q.","Consumer goods"
"SWE",2014,"UNCTAD-SoP4",46783305.515,NA,"N.Q.","Capital goods"
"TGO",2013,"UNCTAD-SoP1",128213.451,8145,"Item","Raw materials"
"TGO",2013,"UNCTAD-SoP2",683755.6,NA,"N.Q.","Intermediate goods"
"TGO",2013,"UNCTAD-SoP3",840762.376,NA,"N.Q.","Consumer goods"
"TGO",2013,"UNCTAD-SoP4",341232.755,NA,"N.Q.","Capital goods"
"THA",2013,"UNCTAD-SoP1",49200324.998,NA,"N.Q.","Raw materials"
"THA",2013,"UNCTAD-SoP2",71656581.341,NA,"N.Q.","Intermediate goods"
"THA",2013,"UNCTAD-SoP3",41707007.723,NA,"N.Q.","Consumer goods"
"THA",2013,"UNCTAD-SoP4",84576967.118,NA,"N.Q.","Capital goods"
"THA",2014,"UNCTAD-SoP1",43506530.299,NA,"N.Q.","Raw materials"
"THA",2014,"UNCTAD-SoP2",60165390.701,NA,"N.Q.","Intermediate goods"
"THA",2014,"UNCTAD-SoP3",43014504.349,NA,"N.Q.","Consumer goods"
"THA",2014,"UNCTAD-SoP4",77684091.266,NA,"N.Q.","Capital goods"
"TMP",2013,"UNCTAD-SoP1",9787.91,32851065,"Kg","Raw materials"
"TMP",2013,"UNCTAD-SoP2",51598.29,NA,"N.Q.","Intermediate goods"
"TMP",2013,"UNCTAD-SoP3",316873.476,NA,"N.Q.","Consumer goods"
"TMP",2013,"UNCTAD-SoP4",115187.337,NA,"N.Q.","Capital goods"
"TON",2013,"UNCTAD-SoP1",23774.343,NA,"N.Q.","Raw materials"
"TON",2013,"UNCTAD-SoP2",22007.503,NA,"N.Q.","Intermediate goods"
"TON",2013,"UNCTAD-SoP3",108458.88,NA,"N.Q.","Consumer goods"
"TON",2013,"UNCTAD-SoP4",32687.204,NA,"N.Q.","Capital goods"
"TON",2014,"UNCTAD-SoP1",24575.585,NA,"N.Q.","Raw materials"
"TON",2014,"UNCTAD-SoP2",26906.801,NA,"N.Q.","Intermediate goods"
"TON",2014,"UNCTAD-SoP3",117579.394,NA,"N.Q.","Consumer goods"
"TON",2014,"UNCTAD-SoP4",42446.23,NA,"N.Q.","Capital goods"
"TUN",2013,"UNCTAD-SoP1",2942969.182,NA,"N.Q.","Raw materials"
"TUN",2013,"UNCTAD-SoP2",7060294.959,NA,"N.Q.","Intermediate goods"
"TUN",2013,"UNCTAD-SoP3",8108171.389,NA,"N.Q.","Consumer goods"
"TUN",2013,"UNCTAD-SoP4",6011589.063,NA,"N.Q.","Capital goods"
"TUR",2013,"UNCTAD-SoP1",18921026.853,NA,"N.Q.","Raw materials"
"TUR",2013,"UNCTAD-SoP2",79334253.781,NA,"N.Q.","Intermediate goods"
"TUR",2013,"UNCTAD-SoP3",56293740.108,NA,"N.Q.","Consumer goods"
"TUR",2013,"UNCTAD-SoP4",58765135.678,NA,"N.Q.","Capital goods"
"TUR",2014,"UNCTAD-SoP1",19174898.986,NA,"N.Q.","Raw materials"
"TUR",2014,"UNCTAD-SoP2",72259076.709,NA,"N.Q.","Intermediate goods"
"TUR",2014,"UNCTAD-SoP3",55594912.484,NA,"N.Q.","Consumer goods"
"TUR",2014,"UNCTAD-SoP4",57732696.883,NA,"N.Q.","Capital goods"
"TZA",2013,"UNCTAD-SoP1",456665.662,NA,"N.Q.","Raw materials"
"TZA",2013,"UNCTAD-SoP2",2573003.033,NA,"N.Q.","Intermediate goods"
"TZA",2013,"UNCTAD-SoP3",6977678.89,NA,"N.Q.","Consumer goods"
"TZA",2013,"UNCTAD-SoP4",2423524.432,NA,"N.Q.","Capital goods"
"TZA",2014,"UNCTAD-SoP1",491265.634,NA,"N.Q.","Raw materials"
"TZA",2014,"UNCTAD-SoP2",2908622.606,NA,"N.Q.","Intermediate goods"
"TZA",2014,"UNCTAD-SoP3",6224845.778,NA,"N.Q.","Consumer goods"
"TZA",2014,"UNCTAD-SoP4",2979713.096,NA,"N.Q.","Capital goods"
"UGA",2013,"UNCTAD-SoP1",115996.127,NA,"N.Q.","Raw materials"
"UGA",2013,"UNCTAD-SoP2",1320287.245,NA,"N.Q.","Intermediate goods"
"UGA",2013,"UNCTAD-SoP3",3009767.709,NA,"N.Q.","Consumer goods"
"UGA",2013,"UNCTAD-SoP4",1224662.525,NA,"N.Q.","Capital goods"
"UGA",2014,"UNCTAD-SoP1",251198.013,NA,"N.Q.","Raw materials"
"UGA",2014,"UNCTAD-SoP2",1423705.324,NA,"N.Q.","Intermediate goods"
"UGA",2014,"UNCTAD-SoP3",3176016.8,NA,"N.Q.","Consumer goods"
"UGA",2014,"UNCTAD-SoP4",1174671.688,NA,"N.Q.","Capital goods"
"UKR",2013,"UNCTAD-SoP1",8036794.049,NA,"N.Q.","Raw materials"
"UKR",2013,"UNCTAD-SoP2",14866220.775,NA,"N.Q.","Intermediate goods"
"UKR",2013,"UNCTAD-SoP3",38669720.35,NA,"N.Q.","Consumer goods"
"UKR",2013,"UNCTAD-SoP4",14103595.856,NA,"N.Q.","Capital goods"
"UKR",2014,"UNCTAD-SoP1",5901799.319,NA,"N.Q.","Raw materials"
"UKR",2014,"UNCTAD-SoP2",11399550.341,NA,"N.Q.","Intermediate goods"
"UKR",2014,"UNCTAD-SoP3",26971945.919,NA,"N.Q.","Consumer goods"
"UKR",2014,"UNCTAD-SoP4",9139424.134,NA,"N.Q.","Capital goods"
"URY",2013,"UNCTAD-SoP1",2187477.186,NA,"N.Q.","Raw materials"
"URY",2013,"UNCTAD-SoP2",2562221.188,NA,"N.Q.","Intermediate goods"
"URY",2013,"UNCTAD-SoP3",3778841.875,NA,"N.Q.","Consumer goods"
"URY",2013,"UNCTAD-SoP4",2953771.66,NA,"N.Q.","Capital goods"
"URY",2014,"UNCTAD-SoP1",1838064.489,NA,"N.Q.","Raw materials"
"URY",2014,"UNCTAD-SoP2",2235300.148,NA,"N.Q.","Intermediate goods"
"URY",2014,"UNCTAD-SoP3",3413021.187,NA,"N.Q.","Consumer goods"
"URY",2014,"UNCTAD-SoP4",3114009.443,NA,"N.Q.","Capital goods"
"USA",2013,"UNCTAD-SoP1",349743577.005,NA,"N.Q.","Raw materials"
"USA",2013,"UNCTAD-SoP2",338912892.021,NA,"N.Q.","Intermediate goods"
"USA",2013,"UNCTAD-SoP3",770290976.745,NA,"N.Q.","Consumer goods"
"USA",2013,"UNCTAD-SoP4",705501742.269,NA,"N.Q.","Capital goods"
"USA",2014,"UNCTAD-SoP1",330139579.252,NA,"N.Q.","Raw materials"
"USA",2014,"UNCTAD-SoP2",360795939.822,NA,"N.Q.","Intermediate goods"
"USA",2014,"UNCTAD-SoP3",795251108.064,NA,"N.Q.","Consumer goods"
"USA",2014,"UNCTAD-SoP4",754856527.317,NA,"N.Q.","Capital goods"
"VEN",2013,"UNCTAD-SoP1",3972480.774,NA,"N.Q.","Raw materials"
"VEN",2013,"UNCTAD-SoP2",12164917.481,NA,"N.Q.","Intermediate goods"
"VEN",2013,"UNCTAD-SoP3",11231088.764,NA,"N.Q.","Consumer goods"
"VEN",2013,"UNCTAD-SoP4",13508002.34,NA,"N.Q.","Capital goods"
"VNM",2013,"UNCTAD-SoP1",10497921.002,NA,"N.Q.","Raw materials"
"VNM",2013,"UNCTAD-SoP2",48226378.554,NA,"N.Q.","Intermediate goods"
"VNM",2013,"UNCTAD-SoP3",23351095.967,NA,"N.Q.","Consumer goods"
"VNM",2013,"UNCTAD-SoP4",48206883.494,NA,"N.Q.","Capital goods"
"VNM",2014,"UNCTAD-SoP1",11852958.931,NA,"N.Q.","Raw materials"
"VNM",2014,"UNCTAD-SoP2",54384922.769,NA,"N.Q.","Intermediate goods"
"VNM",2014,"UNCTAD-SoP3",25856949.479,NA,"N.Q.","Consumer goods"
"VNM",2014,"UNCTAD-SoP4",53768805.756,NA,"N.Q.","Capital goods"
"WSM",2013,"UNCTAD-SoP1",43832.72,NA,"N.Q.","Raw materials"
"WSM",2013,"UNCTAD-SoP2",63756.009,NA,"N.Q.","Intermediate goods"
"WSM",2013,"UNCTAD-SoP3",201264.69,NA,"N.Q.","Consumer goods"
"WSM",2013,"UNCTAD-SoP4",49164.976,NA,"N.Q.","Capital goods"
"WSM",2014,"UNCTAD-SoP1",40468.665,NA,"N.Q.","Raw materials"
"WSM",2014,"UNCTAD-SoP2",63621.753,NA,"N.Q.","Intermediate goods"
"WSM",2014,"UNCTAD-SoP3",225811.242,NA,"N.Q.","Consumer goods"
"WSM",2014,"UNCTAD-SoP4",53592.861,NA,"N.Q.","Capital goods"
"YEM",2013,"UNCTAD-SoP1",1702168.494,NA,"N.Q.","Raw materials"
"YEM",2013,"UNCTAD-SoP2",2055751.312,NA,"N.Q.","Intermediate goods"
"YEM",2013,"UNCTAD-SoP3",3783728.173,NA,"N.Q.","Consumer goods"
"YEM",2013,"UNCTAD-SoP4",1500855.612,NA,"N.Q.","Capital goods"
"YEM",2014,"UNCTAD-SoP1",1939215.83,NA,"N.Q.","Raw materials"
"YEM",2014,"UNCTAD-SoP2",3314394.59,NA,"N.Q.","Intermediate goods"
"YEM",2014,"UNCTAD-SoP3",4833186.54,NA,"N.Q.","Consumer goods"
"YEM",2014,"UNCTAD-SoP4",1804210.632,NA,"N.Q.","Capital goods"
"ZAF",2013,"UNCTAD-SoP1",18421028.673,NA,"N.Q.","Raw materials"
"ZAF",2013,"UNCTAD-SoP2",16798004.509,NA,"N.Q.","Intermediate goods"
"ZAF",2013,"UNCTAD-SoP3",31188965.188,NA,"N.Q.","Consumer goods"
"ZAF",2013,"UNCTAD-SoP4",29884666.248,NA,"N.Q.","Capital goods"
"ZAF",2014,"UNCTAD-SoP1",19717828.447,NA,"N.Q.","Raw materials"
"ZAF",2014,"UNCTAD-SoP2",16365167.53,NA,"N.Q.","Intermediate goods"
"ZAF",2014,"UNCTAD-SoP3",28787705.301,NA,"N.Q.","Consumer goods"
"ZAF",2014,"UNCTAD-SoP4",27626392.562,NA,"N.Q.","Capital goods"
"ZMB",2013,"UNCTAD-SoP1",1870530.836,NA,"N.Q.","Raw materials"
"ZMB",2013,"UNCTAD-SoP2",2337841.784,NA,"N.Q.","Intermediate goods"
"ZMB",2013,"UNCTAD-SoP3",2805815.267,NA,"N.Q.","Consumer goods"
"ZMB",2013,"UNCTAD-SoP4",3072625.679,NA,"N.Q.","Capital goods"
"ZMB",2014,"UNCTAD-SoP1",1957396.279,NA,"N.Q.","Raw materials"
"ZMB",2014,"UNCTAD-SoP2",1952627.553,NA,"N.Q.","Intermediate goods"
"ZMB",2014,"UNCTAD-SoP3",2829373.976,NA,"N.Q.","Consumer goods"
"ZMB",2014,"UNCTAD-SoP4",2714471.36,NA,"N.Q.","Capital goods"
"ZWE",2013,"UNCTAD-SoP1",384833.413,NA,"N.Q.","Raw materials"
"ZWE",2013,"UNCTAD-SoP2",2260315.998,NA,"N.Q.","Intermediate goods"
"ZWE",2013,"UNCTAD-SoP3",3409018.458,NA,"N.Q.","Consumer goods"
"ZWE",2013,"UNCTAD-SoP4",1541361.326,NA,"N.Q.","Capital goods"
"ZWE",2014,"UNCTAD-SoP1",392865.953,NA,"N.Q.","Raw materials"
"ZWE",2014,"UNCTAD-SoP2",1355512.013,NA,"N.Q.","Intermediate goods"
"ZWE",2014,"UNCTAD-SoP3",3230401.86,NA,"N.Q.","Consumer goods"
"ZWE",2014,"UNCTAD-SoP4",1314536.695,NA,"N.Q.","Capital goods"
